  shape audit.json:225 [arn] every ARN on this line has its account field masked to <account> (lib/
  shape audit.json:245 [arn] every ARN on this line has its account field masked to <account> (lib/
  shape audit.json:255 [arn] every ARN on this line has its account field masked to <account> (lib/
  shape audit.json:574 [arn] every ARN on this line has its account field masked to <account> (lib/
  shape audit.json:584 [arn] every ARN on this line has its account field masked to <account> (lib/
  shape audit.json:594 [arn] every ARN on this line has its account field masked to <account> (lib/
  shape audit.json:664 [arn] every ARN on this line has its account field masked to <account> (lib/
  shape audit.json:1118 [arn] every ARN on this line has its account field masked to <account> (lib/
  shape audit.json:1128 [arn] every ARN on this line has its account field masked to <account> (lib/
  shape audit.json:1174 [arn] every ARN on this line has its account field masked to <account> (lib/
  shape audit.json:2063 [arn] every ARN on this line has its account field masked to <account> (lib/
  shape audit.json:2147 [arn] every ARN on this line has its account field masked to <account> (lib/
  shape audit.json:2157 [arn] every ARN on this line has its account field masked to <account> (lib/
  shape audit.json:2167 [arn] every ARN on this line has its account field masked to <account> (lib/
  shape cases/F1-15.json:56 [arn] every ARN on this line has its account field masked to <account> (lib/
  shape cases/F1-15.json:98 [arn] every ARN on this line has its account field masked to <account> (lib/
  shape cases/F1-15.json:210 [arn] every ARN on this line has its account field masked to <account> (lib/
  shape cases/F1-15.json:217 [arn] every ARN on this line has its account field masked to <account> (lib/
  shape cases/F1-15.json:251 [arn] every ARN on this line has its account field masked to <account> (lib/
  shape cases/F1-19.json:105 [arn] every ARN on this line has its account field masked to <account> (lib/
  shape cases/F1-19.json:139 [arn] every ARN on this line has its account field masked to <account> (lib/
  shape cases/F1-24.json:58 [arn] every ARN on this line has its account field masked to <account> (lib/
  shape cases/F1-24.json:90 [arn] every ARN on this line has its account field masked to <account> (lib/
  shape cases/F1-24.json:122 [arn] every ARN on this line has its account field masked to <account> (lib/
  shape cases/F1-25.json:57 [arn] every ARN on this line has its account field masked to <account> (lib/
  shape cases/F1-25.json:93 [arn] every ARN on this line has its account field masked to <account> (lib/
  shape cases/F1-25.json:125 [arn] every ARN on this line has its account field masked to <account> (lib/
  shape cases/F1-3.json:192 [arn] every ARN on this line has its account field masked to <account> (lib/
  shape cases/F1-3.json:213 [arn] every ARN on this line has its account field masked to <account> (lib/
  shape cases/F1-3.json:414 [arn] every ARN on this line has its account field masked to <account> (lib/
  shape cases/F1-3.json:453 [arn] every ARN on this line has its account field masked to <account> (lib/
  shape cases/F2-1.json:222 [arn] every ARN on this line has its account field masked to <account> (lib/
  shape cases/F3-10.json:112 [arn] every ARN on this line has its account field masked to <account> (lib/
  shape cases/F3-10.json:113 [arn] every ARN on this line has its account field masked to <account> (lib/
  shape cases/F3-10.json:114 [arn] every ARN on this line has its account field masked to <account> (lib/
  shape cases/F4-1.json:476 [arn] every ARN on this line has its account field masked to <account> (lib/
  shape cases/F4-1.json:481 [arn] every ARN on this line has its account field masked to <account> (lib/
  shape cases/F4-1.json:486 [arn] every ARN on this line has its account field masked to <account> (lib/
  shape cases/F4-2.json:466 [arn] every ARN on this line has its account field masked to <account> (lib/
  shape cases/F4-2.json:471 [arn] every ARN on this line has its account field masked to <account> (lib/
  shape cases/F4-2.json:476 [arn] every ARN on this line has its account field masked to <account> (lib/
  shape cases/F4-3.json:506 [arn] every ARN on this line has its account field masked to <account> (lib/
  shape cases/F4-3.json:511 [arn] every ARN on this line has its account field masked to <account> (lib/
  shape cases/F4-3.json:516 [arn] every ARN on this line has its account field masked to <account> (lib/
  shape cases/F4-4.json:471 [arn] every ARN on this line has its account field masked to <account> (lib/
  shape cases/F4-4.json:476 [arn] every ARN on this line has its account field masked to <account> (lib/
  shape cases/F4-4.json:481 [arn] every ARN on this line has its account field masked to <account> (lib/
  shape cases/F4-5.json:469 [arn] every ARN on this line has its account field masked to <account> (lib/
  shape cases/F4-5.json:474 [arn] every ARN on this line has its account field masked to <account> (lib/
  shape cases/F4-5.json:479 [arn] every ARN on this line has its account field masked to <account> (lib/
  shape cases/F4-6.json:446 [arn] every ARN on this line has its account field masked to <account> (lib/
  shape cases/F4-6.json:451 [arn] every ARN on this line has its account field masked to <account> (lib/
  shape cases/F4-6.json:456 [arn] every ARN on this line has its account field masked to <account> (lib/
  shape cases/F5-1.json:163 [arn] every ARN on this line has its account field masked to <account> (lib/
  shape cases/F5-1.json:302 [arn] every ARN on this line has its account field masked to <account> (lib/
  shape cases/F5-1.json:304 [arn] every ARN on this line has its account field masked to <account> (lib/
  shape cases/F5-2.json:144 [arn] every ARN on this line has its account field masked to <account> (lib/
  shape cases/F5-2.json:587 [arn] every ARN on this line has its account field masked to <account> (lib/
  shape cases/F5-2.json:704 [arn] every ARN on this line has its account field masked to <account> (lib/
  shape cases/F5-2.json:727 [arn] every ARN on this line has its account field masked to <account> (lib/
  shape cases/F5-3a.json:52 [arn] every ARN on this line has its account field masked to <account> (lib/
  shape cases/F5-3a.json:62 [arn] every ARN on this line has its account field masked to <account> (lib/
  shape cases/F5-3b.json:52 [arn] every ARN on this line has its account field masked to <account> (lib/
  shape cases/F5-3b.json:61 [arn] every ARN on this line has its account field masked to <account> (lib/
  shape cases/F5-3b.json:70 [arn] every ARN on this line has its account field masked to <account> (lib/
  shape cases/F5-3b.json:79 [arn] every ARN on this line has its account field masked to <account> (lib/
  shape cases/F5-3b.json:88 [arn] every ARN on this line has its account field masked to <account> (lib/
  shape cases/F5-3b.json:114 [arn] every ARN on this line has its account field masked to <account> (lib/
  shape cases/F5-3b.json:123 [arn] every ARN on this line has its account field masked to <account> (lib/
  shape cases/F5-3b.json:132 [arn] every ARN on this line has its account field masked to <account> (lib/
  shape cases/F5-3b.json:141 [arn] every ARN on this line has its account field masked to <account> (lib/
  shape cases/F5-3b.json:150 [arn] every ARN on this line has its account field masked to <account> (lib/
  shape cases/F5-3b.json:260 [arn] every ARN on this line has its account field masked to <account> (lib/
  shape cases/F5-3b.json:269 [arn] every ARN on this line has its account field masked to <account> (lib/
  shape cases/F5-3b.json:848 [arn] every ARN on this line has its account field masked to <account> (lib/
  shape cases/F5-3b.json:860 [arn] every ARN on this line has its account field masked to <account> (lib/
  shape cases/F5-3b.json:900 [arn] every ARN on this line has its account field masked to <account> (lib/
  shape cases/F5-3b.json:924 [arn] every ARN on this line has its account field masked to <account> (lib/
  shape cases/F5-3b.json:1093 [arn] every ARN on this line has its account field masked to <account> (lib/
  shape cases/F5-3b.json:1105 [arn] every ARN on this line has its account field masked to <account> (lib/
  shape cases/F5-3b.json:1145 [arn] every ARN on this line has its account field masked to <account> (lib/
  shape cases/F5-3b.json:1169 [arn] every ARN on this line has its account field masked to <account> (lib/
  shape cases/F5-4a.json:579 [arn] every ARN on this line has its account field masked to <account> (lib/
  shape cases/F5-4a.json:582 [arn] every ARN on this line has its account field masked to <account> (lib/
  shape cases/F5-4a.json:615 [arn] every ARN on this line has its account field masked to <account> (lib/
  shape cases/F5-4a.json:643 [arn] every ARN on this line has its account field masked to <account> (lib/
  shape cases/F5-4a.json:671 [arn] every ARN on this line has its account field masked to <account> (lib/
  shape cases/F5-4a.json:1189 [arn] every ARN on this line has its account field masked to <account> (lib/
  shape cases/F5-4a.json:1192 [arn] every ARN on this line has its account field masked to <account> (lib/
  shape cases/F5-4a.json:1225 [arn] every ARN on this line has its account field masked to <account> (lib/
  shape cases/F5-4a.json:1253 [arn] every ARN on this line has its account field masked to <account> (lib/
  shape cases/F5-4a.json:1281 [arn] every ARN on this line has its account field masked to <account> (lib/
  shape cases/F5-4b.json:49 [arn] every ARN on this line has its account field masked to <account> (lib/
  shape cases/F5-4b.json:128 [arn] every ARN on this line has its account field masked to <account> (lib/
  shape cases/F5-4b.json:1442 [arn] every ARN on this line has its account field masked to <account> (lib/
  shape cases/F5-5.json:122 [arn] every ARN on this line has its account field masked to <account> (lib/
  shape cases/F5-5.json:226 [arn] every ARN on this line has its account field masked to <account> (lib/
  shape cases/F5-6.json:66 [aws-account-id] appears verbatim in a sha256-sealed corpus file, so it is corpus conte
  shape cases/F5-6.json:146 [aws-account-id] appears verbatim in a sha256-sealed corpus file, so it is corpus conte
  shape cases/F5-6.json:272 [aws-account-id] appears verbatim in a sha256-sealed corpus file, so it is corpus conte
  shape cases/F5-6.json:352 [aws-account-id] appears verbatim in a sha256-sealed corpus file, so it is corpus conte
  shape cases/F5-6.json:478 [aws-account-id] appears verbatim in a sha256-sealed corpus file, so it is corpus conte
  shape cases/F5-6.json:558 [aws-account-id] appears verbatim in a sha256-sealed corpus file, so it is corpus conte
  shape cases/F5-6.json:684 [aws-account-id] appears verbatim in a sha256-sealed corpus file, so it is corpus conte
  shape cases/F5-6.json:764 [aws-account-id] appears verbatim in a sha256-sealed corpus file, so it is corpus conte
  shape cases/F5-7b.json:83 [arn] every ARN on this line has its account field masked to <account> (lib/
  shape cases/F5-7b.json:114 [arn] every ARN on this line has its account field masked to <account> (lib/
  shape cases/F5-7b.json:145 [arn] every ARN on this line has its account field masked to <account> (lib/
  shape cases/F5-7b.json:230 [arn] every ARN on this line has its account field masked to <account> (lib/
  shape cases/F5-7b.json:234 [arn] every ARN on this line has its account field masked to <account> (lib/
  shape cases/F5-7b.json:238 [arn] every ARN on this line has its account field masked to <account> (lib/
  shape cases/F5-7b.json:256 [arn] every ARN on this line has its account field masked to <account> (lib/
  shape cases/F5-7b.json:287 [arn] every ARN on this line has its account field masked to <account> (lib/
  shape cases/F5-7b.json:318 [arn] every ARN on this line has its account field masked to <account> (lib/
  shape cases/F5-7b.json:344 [arn] every ARN on this line has its account field masked to <account> (lib/
  shape cases/F5-7b.json:348 [arn] every ARN on this line has its account field masked to <account> (lib/
  shape cases/F5-7b.json:352 [arn] every ARN on this line has its account field masked to <account> (lib/
  shape cases/F5-7b.json:395 [arn] every ARN on this line has its account field masked to <account> (lib/
  shape cases/F5-7b.json:407 [arn] every ARN on this line has its account field masked to <account> (lib/
  shape cases/F5-7b.json:419 [arn] every ARN on this line has its account field masked to <account> (lib/
  shape cases/F5-7b.json:423 [arn] every ARN on this line has its account field masked to <account> (lib/
  shape cases/F5-7b.json:424 [arn] every ARN on this line has its account field masked to <account> (lib/
  shape cases/F5-7b.json:526 [arn] every ARN on this line has its account field masked to <account> (lib/
  shape cases/F5-7b.json:538 [arn] every ARN on this line has its account field masked to <account> (lib/
  shape cases/F5-7b.json:550 [arn] every ARN on this line has its account field masked to <account> (lib/
  shape cases/F6-1.json:126 [aws-account-id] the fractional part of a decimal number (digit, `.`, then exactly twel
  shape cases/F6-1.json:291 [aws-account-id] the fractional part of a decimal number (digit, `.`, then exactly twel
  shape cases/F6-1.json:403 [aws-account-id] the fractional part of a decimal number (digit, `.`, then exactly twel
  shape cases/F6-1.json:644 [aws-account-id] the last group of a UUID request id, matched only with the rest of the
  shape cases/F6-1.json:1251 [aws-account-id] the last group of a UUID request id, matched only with the rest of the
  shape cases/F6-1.json:1344 [aws-account-id] the last group of a UUID request id, matched only with the rest of the
  shape cases/F6-1.json:1628 [aws-account-id] the last group of a UUID request id, matched only with the rest of the
  shape cases/F6-1.json:1689 [aws-account-id] the last group of a UUID request id, matched only with the rest of the
  shape cases/F6-1.json:2055 [aws-account-id] the last group of a UUID request id, matched only with the rest of the
  shape cases/F6-1.json:2220 [aws-account-id] the last group of a UUID request id, matched only with the rest of the
  shape cases/F6-1.json:2372 [aws-account-id] the last group of a UUID request id, matched only with the rest of the
  shape cases/F6-3.json:355 [aws-account-id] the fractional part of a decimal number (digit, `.`, then exactly twel
  shape cases/F6-3.json:595 [aws-account-id] the last group of a UUID request id, matched only with the rest of the
  shape cases/F6-3.json:1202 [aws-account-id] the last group of a UUID request id, matched only with the rest of the
  shape cases/F6-3.json:1295 [aws-account-id] the last group of a UUID request id, matched only with the rest of the
  shape cases/F6-3.json:1579 [aws-account-id] the last group of a UUID request id, matched only with the rest of the
  shape cases/F6-3.json:1640 [aws-account-id] the last group of a UUID request id, matched only with the rest of the
  shape cases/F6-3.json:2006 [aws-account-id] the last group of a UUID request id, matched only with the rest of the
  shape cases/F6-3.json:2171 [aws-account-id] the last group of a UUID request id, matched only with the rest of the
  shape cases/F6-3.json:2323 [aws-account-id] the last group of a UUID request id, matched only with the rest of the
  shape cases/F6-4.json:125 [aws-account-id] the fractional part of a decimal number (digit, `.`, then exactly twel
  shape cases/F6-4.json:290 [aws-account-id] the fractional part of a decimal number (digit, `.`, then exactly twel
  shape cases/F6-4.json:402 [aws-account-id] the fractional part of a decimal number (digit, `.`, then exactly twel
  shape cases/F6-4.json:643 [aws-account-id] the last group of a UUID request id, matched only with the rest of the
  shape cases/F6-4.json:1250 [aws-account-id] the last group of a UUID request id, matched only with the rest of the
  shape cases/F6-4.json:1343 [aws-account-id] the last group of a UUID request id, matched only with the rest of the
  shape cases/F6-4.json:1627 [aws-account-id] the last group of a UUID request id, matched only with the rest of the
  shape cases/F6-4.json:1688 [aws-account-id] the last group of a UUID request id, matched only with the rest of the
  shape cases/F6-4.json:2054 [aws-account-id] the last group of a UUID request id, matched only with the rest of the
  shape cases/F6-4.json:2219 [aws-account-id] the last group of a UUID request id, matched only with the rest of the
  shape cases/F6-4.json:2371 [aws-account-id] the last group of a UUID request id, matched only with the rest of the
  shape cases/F6-6.json:85 [aws-account-id] the fractional part of a decimal number (digit, `.`, then exactly twel
  shape cases/F6-6.json:129 [arn] every ARN on this line has its account field masked to <account> (lib/
  shape cases/F6-6.json:145 [arn] every ARN on this line has its account field masked to <account> (lib/
  shape cases/F6-6.json:150 [aws-account-id] the fractional part of a decimal number (digit, `.`, then exactly twel
  shape cases/F6-6.json:161 [arn] every ARN on this line has its account field masked to <account> (lib/
  shape cases/F6-6.json:192 [arn] every ARN on this line has its account field masked to <account> (lib/
  shape cases/F6-6.json:197 [aws-account-id] the fractional part of a decimal number (digit, `.`, then exactly twel
  shape cases/F6-6.json:207 [arn] every ARN on this line has its account field masked to <account> (lib/
  shape cases/F6-6.json:435 [aws-account-id] the fractional part of a decimal number (digit, `.`, then exactly twel
  shape cases/F6-9.json:365 [aws-account-id] the fractional part of a decimal number (digit, `.`, then exactly twel
  shape cases/F6-9.json:629 [aws-account-id] the last group of a UUID request id, matched only with the rest of the
  shape cases/F6-9.json:1236 [aws-account-id] the last group of a UUID request id, matched only with the rest of the
  shape cases/F6-9.json:1329 [aws-account-id] the last group of a UUID request id, matched only with the rest of the
  shape cases/F6-9.json:1613 [aws-account-id] the last group of a UUID request id, matched only with the rest of the
  shape cases/F6-9.json:1674 [aws-account-id] the last group of a UUID request id, matched only with the rest of the
  shape cases/F6-9.json:2040 [aws-account-id] the last group of a UUID request id, matched only with the rest of the
  shape cases/F6-9.json:2205 [aws-account-id] the last group of a UUID request id, matched only with the rest of the
  shape cases/F6-9.json:2357 [aws-account-id] the last group of a UUID request id, matched only with the rest of the
  shape cases/F7-1.json:412 [arn] every ARN on this line has its account field masked to <account> (lib/
  shape cases/F7-1.json:414 [arn] every ARN on this line has its account field masked to <account> (lib/
  shape cases/F7-1.json:415 [arn] every ARN on this line has its account field masked to <account> (lib/
  shape cases/F7-1.json:416 [arn] every ARN on this line has its account field masked to <account> (lib/
  shape cases/F7-1.json:417 [arn] every ARN on this line has its account field masked to <account> (lib/
  shape cases/F7-1.json:418 [arn] every ARN on this line has its account field masked to <account> (lib/
  shape cases/F7-1.json:419 [arn] every ARN on this line has its account field masked to <account> (lib/
  shape cases/F7-1.json:420 [arn] every ARN on this line has its account field masked to <account> (lib/
  shape cases/F7-1.json:447 [arn] every ARN on this line has its account field masked to <account> (lib/
  shape cases/F7-1.json:449 [arn] every ARN on this line has its account field masked to <account> (lib/
  shape cases/F7-1.json:450 [arn] every ARN on this line has its account field masked to <account> (lib/
  shape cases/F7-1.json:451 [arn] every ARN on this line has its account field masked to <account> (lib/
  shape cases/F7-1.json:452 [arn] every ARN on this line has its account field masked to <account> (lib/
  shape cases/F7-1.json:453 [arn] every ARN on this line has its account field masked to <account> (lib/
  shape cases/F7-1.json:454 [arn] every ARN on this line has its account field masked to <account> (lib/
  shape cases/F7-1.json:455 [arn] every ARN on this line has its account field masked to <account> (lib/
  shape cases/F7-1.json:1047 [arn] every ARN on this line has its account field masked to <account> (lib/
  shape cases/F7-1.json:1048 [arn] every ARN on this line has its account field masked to <account> (lib/
  shape cases/F7-1.json:1049 [arn] every ARN on this line has its account field masked to <account> (lib/
  shape cases/F7-1.json:1050 [arn] every ARN on this line has its account field masked to <account> (lib/
  shape cases/F7-1.json:1051 [arn] every ARN on this line has its account field masked to <account> (lib/
  shape cases/F7-1.json:1052 [arn] every ARN on this line has its account field masked to <account> (lib/
  shape cases/F7-1.json:1053 [arn] every ARN on this line has its account field masked to <account> (lib/
  shape cases/F7-1.json:1054 [arn] every ARN on this line has its account field masked to <account> (lib/
  shape cases/F7-1.json:1055 [arn] every ARN on this line has its account field masked to <account> (lib/
  shape cases/F7-1.json:1056 [arn] every ARN on this line has its account field masked to <account> (lib/
  shape cases/F7-1.json:1057 [arn] every ARN on this line has its account field masked to <account> (lib/
  shape cases/F7-1.json:1058 [arn] every ARN on this line has its account field masked to <account> (lib/
  shape cases/F7-1.json:1059 [arn] every ARN on this line has its account field masked to <account> (lib/
  shape cases/F7-1.json:1060 [arn] every ARN on this line has its account field masked to <account> (lib/
  shape cases/F7-1.json:1061 [arn] every ARN on this line has its account field masked to <account> (lib/
  shape cases/F7-1.json:1062 [arn] every ARN on this line has its account field masked to <account> (lib/
  shape cases/F7-1.json:1063 [arn] every ARN on this line has its account field masked to <account> (lib/
  shape cases/F7-1.json:1064 [arn] every ARN on this line has its account field masked to <account> (lib/
  shape cases/F7-1.json:1065 [arn] every ARN on this line has its account field masked to <account> (lib/
  shape cases/F7-1.json:1066 [arn] every ARN on this line has its account field masked to <account> (lib/
  shape cases/F7-1.json:1114 [arn] every ARN on this line has its account field masked to <account> (lib/
  shape cases/F7-1.json:1115 [arn] every ARN on this line has its account field masked to <account> (lib/
  shape cases/F7-1.json:1116 [arn] every ARN on this line has its account field masked to <account> (lib/
  shape cases/F7-1.json:1117 [arn] every ARN on this line has its account field masked to <account> (lib/
  shape cases/F7-1.json:1118 [arn] every ARN on this line has its account field masked to <account> (lib/
  shape cases/F7-1.json:1119 [arn] every ARN on this line has its account field masked to <account> (lib/
  shape cases/F7-1.json:1120 [arn] every ARN on this line has its account field masked to <account> (lib/
  shape cases/F7-1.json:1121 [arn] every ARN on this line has its account field masked to <account> (lib/
  shape cases/F7-1.json:1122 [arn] every ARN on this line has its account field masked to <account> (lib/
  shape cases/F7-1.json:1123 [arn] every ARN on this line has its account field masked to <account> (lib/
  shape cases/F7-1.json:1124 [arn] every ARN on this line has its account field masked to <account> (lib/
  shape cases/F7-1.json:1125 [arn] every ARN on this line has its account field masked to <account> (lib/
  shape cases/F7-1.json:1126 [arn] every ARN on this line has its account field masked to <account> (lib/
  shape cases/F7-1.json:1127 [arn] every ARN on this line has its account field masked to <account> (lib/
  shape cases/F7-1.json:1128 [arn] every ARN on this line has its account field masked to <account> (lib/
  shape cases/F7-1.json:1129 [arn] every ARN on this line has its account field masked to <account> (lib/
  shape cases/F7-1.json:1130 [arn] every ARN on this line has its account field masked to <account> (lib/
  shape cases/F7-1.json:1131 [arn] every ARN on this line has its account field masked to <account> (lib/
  shape cases/F7-1.json:1132 [arn] every ARN on this line has its account field masked to <account> (lib/
  shape cases/F7-1.json:1133 [arn] every ARN on this line has its account field masked to <account> (lib/
  shape cases/F7-1.json:1134 [arn] every ARN on this line has its account field masked to <account> (lib/
  shape cases/F7-1.json:1135 [arn] every ARN on this line has its account field masked to <account> (lib/
  shape cases/F7-1.json:1136 [arn] every ARN on this line has its account field masked to <account> (lib/
  shape cases/F7-1.json:1137 [arn] every ARN on this line has its account field masked to <account> (lib/
  shape cases/F7-1.json:1138 [arn] every ARN on this line has its account field masked to <account> (lib/
  shape cases/F7-1.json:1139 [arn] every ARN on this line has its account field masked to <account> (lib/
  shape cases/F7-1.json:1141 [arn] every ARN on this line has its account field masked to <account> (lib/
  shape cases/F7-1.json:1142 [arn] every ARN on this line has its account field masked to <account> (lib/
  shape cases/F7-1.json:1143 [arn] every ARN on this line has its account field masked to <account> (lib/
  shape cases/F7-1.json:1144 [arn] every ARN on this line has its account field masked to <account> (lib/
  shape cases/F7-1.json:1145 [arn] every ARN on this line has its account field masked to <account> (lib/
  shape cases/F7-1.json:1146 [arn] every ARN on this line has its account field masked to <account> (lib/
  shape cases/F7-1.json:1147 [arn] every ARN on this line has its account field masked to <account> (lib/
  shape cases/F7-1.json:1148 [arn] every ARN on this line has its account field masked to <account> (lib/
  shape cases/F7-1.json:1173 [arn] every ARN on this line has its account field masked to <account> (lib/
  shape cases/F7-1.json:1174 [arn] every ARN on this line has its account field masked to <account> (lib/
  shape cases/F7-1.json:1175 [arn] every ARN on this line has its account field masked to <account> (lib/
  shape cases/F7-1.json:1176 [arn] every ARN on this line has its account field masked to <account> (lib/
  shape cases/F7-1.json:1177 [arn] every ARN on this line has its account field masked to <account> (lib/
  shape cases/F7-1.json:1178 [arn] every ARN on this line has its account field masked to <account> (lib/
  shape cases/F7-1.json:1179 [arn] every ARN on this line has its account field masked to <account> (lib/
  shape cases/F7-1.json:1180 [arn] every ARN on this line has its account field masked to <account> (lib/
  shape cases/F7-1.json:1181 [arn] every ARN on this line has its account field masked to <account> (lib/
  shape cases/F7-1.json:1182 [arn] every ARN on this line has its account field masked to <account> (lib/
  shape cases/F7-1.json:1183 [arn] every ARN on this line has its account field masked to <account> (lib/
  shape cases/F7-1.json:1184 [arn] every ARN on this line has its account field masked to <account> (lib/
  shape cases/F7-1.json:1185 [arn] every ARN on this line has its account field masked to <account> (lib/
  shape cases/F7-1.json:1186 [arn] every ARN on this line has its account field masked to <account> (lib/
  shape cases/F7-1.json:1187 [arn] every ARN on this line has its account field masked to <account> (lib/
  shape cases/F7-1.json:1188 [arn] every ARN on this line has its account field masked to <account> (lib/
  shape cases/F7-1.json:1189 [arn] every ARN on this line has its account field masked to <account> (lib/
  shape cases/F7-1.json:1190 [arn] every ARN on this line has its account field masked to <account> (lib/
  shape cases/F7-1.json:1191 [arn] every ARN on this line has its account field masked to <account> (lib/
  shape cases/F7-1.json:1192 [arn] every ARN on this line has its account field masked to <account> (lib/
  shape cases/F7-1.json:1193 [arn] every ARN on this line has its account field masked to <account> (lib/
  shape cases/F7-1.json:1194 [arn] every ARN on this line has its account field masked to <account> (lib/
  shape cases/F7-1.json:1195 [arn] every ARN on this line has its account field masked to <account> (lib/
  shape cases/F7-1.json:1196 [arn] every ARN on this line has its account field masked to <account> (lib/
  shape cases/F7-1.json:1197 [arn] every ARN on this line has its account field masked to <account> (lib/
  shape cases/F7-1.json:1198 [arn] every ARN on this line has its account field masked to <account> (lib/
  shape cases/F7-1.json:1200 [arn] every ARN on this line has its account field masked to <account> (lib/
  shape cases/F7-1.json:1201 [arn] every ARN on this line has its account field masked to <account> (lib/
  shape cases/F7-1.json:1202 [arn] every ARN on this line has its account field masked to <account> (lib/
  shape cases/F7-1.json:1203 [arn] every ARN on this line has its account field masked to <account> (lib/
  shape cases/F7-1.json:1204 [arn] every ARN on this line has its account field masked to <account> (lib/
  shape cases/F7-1.json:1205 [arn] every ARN on this line has its account field masked to <account> (lib/
  shape cases/F7-1.json:1206 [arn] every ARN on this line has its account field masked to <account> (lib/
  shape cases/F7-1.json:1207 [arn] every ARN on this line has its account field masked to <account> (lib/
  shape cases/F7-1.json:1208 [arn] every ARN on this line has its account field masked to <account> (lib/
  shape cases/F7-1.json:1209 [arn] every ARN on this line has its account field masked to <account> (lib/
  shape cases/F7-1.json:1418 [arn] every ARN on this line has its account field masked to <account> (lib/
  shape cases/F7-1.json:1419 [arn] every ARN on this line has its account field masked to <account> (lib/
  shape cases/F7-1.json:1420 [arn] every ARN on this line has its account field masked to <account> (lib/
  shape cases/F7-1.json:1421 [arn] every ARN on this line has its account field masked to <account> (lib/
  shape cases/F7-1.json:1422 [arn] every ARN on this line has its account field masked to <account> (lib/
  shape cases/F7-1.json:1423 [arn] every ARN on this line has its account field masked to <account> (lib/
  shape cases/F7-1.json:1424 [arn] every ARN on this line has its account field masked to <account> (lib/
  shape cases/F7-1.json:1425 [arn] every ARN on this line has its account field masked to <account> (lib/
  shape cases/F7-1.json:1426 [arn] every ARN on this line has its account field masked to <account> (lib/
  shape cases/F7-1.json:1427 [arn] every ARN on this line has its account field masked to <account> (lib/
  shape cases/F7-1.json:1428 [arn] every ARN on this line has its account field masked to <account> (lib/
  shape cases/F7-1.json:1429 [arn] every ARN on this line has its account field masked to <account> (lib/
  shape cases/F7-1.json:1430 [arn] every ARN on this line has its account field masked to <account> (lib/
  shape cases/F7-1.json:1431 [arn] every ARN on this line has its account field masked to <account> (lib/
  shape cases/F7-1.json:1432 [arn] every ARN on this line has its account field masked to <account> (lib/
  shape cases/F7-1.json:1433 [arn] every ARN on this line has its account field masked to <account> (lib/
  shape cases/F7-1.json:1434 [arn] every ARN on this line has its account field masked to <account> (lib/
  shape cases/F7-1.json:1435 [arn] every ARN on this line has its account field masked to <account> (lib/
  shape cases/F7-1.json:1436 [arn] every ARN on this line has its account field masked to <account> (lib/
  shape cases/F7-1.json:1437 [arn] every ARN on this line has its account field masked to <account> (lib/
  shape cases/F7-1.json:1438 [arn] every ARN on this line has its account field masked to <account> (lib/
  shape cases/F7-1.json:1439 [arn] every ARN on this line has its account field masked to <account> (lib/
  shape cases/F7-1.json:1467 [arn] every ARN on this line has its account field masked to <account> (lib/
  shape cases/F7-1.json:1468 [arn] every ARN on this line has its account field masked to <account> (lib/
  shape cases/F7-1.json:1469 [arn] every ARN on this line has its account field masked to <account> (lib/
  shape cases/F7-1.json:1470 [arn] every ARN on this line has its account field masked to <account> (lib/
  shape cases/F7-1.json:1471 [arn] every ARN on this line has its account field masked to <account> (lib/
  shape cases/F7-1.json:1472 [arn] every ARN on this line has its account field masked to <account> (lib/
  shape cases/F7-1.json:1473 [arn] every ARN on this line has its account field masked to <account> (lib/
  shape cases/F7-1.json:1474 [arn] every ARN on this line has its account field masked to <account> (lib/
  shape cases/F7-1.json:1475 [arn] every ARN on this line has its account field masked to <account> (lib/
  shape cases/F7-1.json:1478 [arn] every ARN on this line has its account field masked to <account> (lib/
  shape cases/F7-1.json:1480 [arn] every ARN on this line has its account field masked to <account> (lib/
  shape cases/F7-1.json:1482 [arn] every ARN on this line has its account field masked to <account> (lib/
  shape cases/F7-1.json:1483 [arn] every ARN on this line has its account field masked to <account> (lib/
  shape cases/F7-1.json:1484 [arn] every ARN on this line has its account field masked to <account> (lib/
  shape cases/F7-1.json:1485 [arn] every ARN on this line has its account field masked to <account> (lib/
  shape cases/F7-1.json:1486 [arn] every ARN on this line has its account field masked to <account> (lib/
  shape cases/F7-1.json:1487 [arn] every ARN on this line has its account field masked to <account> (lib/
  shape cases/F7-1.json:1488 [arn] every ARN on this line has its account field masked to <account> (lib/
  shape cases/F7-1.json:1489 [arn] every ARN on this line has its account field masked to <account> (lib/
  shape cases/F7-1.json:1490 [arn] every ARN on this line has its account field masked to <account> (lib/
  shape cases/F7-1.json:1491 [arn] every ARN on this line has its account field masked to <account> (lib/
  shape cases/F7-1.json:1493 [arn] every ARN on this line has its account field masked to <account> (lib/
  shape cases/F7-1.json:1495 [arn] every ARN on this line has its account field masked to <account> (lib/
  shape cases/F7-1.json:1497 [arn] every ARN on this line has its account field masked to <account> (lib/
  shape cases/F7-1.json:1552 [arn] every ARN on this line has its account field masked to <account> (lib/
  shape cases/F7-1.json:1553 [arn] every ARN on this line has its account field masked to <account> (lib/
  shape cases/F7-1.json:1554 [arn] every ARN on this line has its account field masked to <account> (lib/
  shape cases/F7-1.json:1555 [arn] every ARN on this line has its account field masked to <account> (lib/
  shape cases/F7-1.json:1556 [arn] every ARN on this line has its account field masked to <account> (lib/
  shape cases/F7-1.json:1557 [arn] every ARN on this line has its account field masked to <account> (lib/
  shape cases/F7-1.json:1558 [arn] every ARN on this line has its account field masked to <account> (lib/
  shape cases/F7-1.json:1559 [arn] every ARN on this line has its account field masked to <account> (lib/
  shape cases/F7-1.json:1560 [arn] every ARN on this line has its account field masked to <account> (lib/
  shape cases/F7-1.json:1561 [arn] every ARN on this line has its account field masked to <account> (lib/
  shape cases/F7-1.json:1562 [arn] every ARN on this line has its account field masked to <account> (lib/
  shape cases/F7-1.json:1563 [arn] every ARN on this line has its account field masked to <account> (lib/
  shape cases/F7-1.json:1564 [arn] every ARN on this line has its account field masked to <account> (lib/
  shape cases/F7-1.json:1565 [arn] every ARN on this line has its account field masked to <account> (lib/
  shape cases/F7-1.json:1566 [arn] every ARN on this line has its account field masked to <account> (lib/
  shape cases/F7-1.json:1567 [arn] every ARN on this line has its account field masked to <account> (lib/
  shape cases/F7-1.json:1568 [arn] every ARN on this line has its account field masked to <account> (lib/
  shape cases/F7-1.json:1569 [arn] every ARN on this line has its account field masked to <account> (lib/
  shape cases/F7-1.json:1570 [arn] every ARN on this line has its account field masked to <account> (lib/
  shape cases/F7-1.json:1571 [arn] every ARN on this line has its account field masked to <account> (lib/
  shape cases/F7-1.json:1572 [arn] every ARN on this line has its account field masked to <account> (lib/
  shape cases/F7-1.json:1573 [arn] every ARN on this line has its account field masked to <account> (lib/
  shape cases/F7-1.json:1629 [arn] every ARN on this line has its account field masked to <account> (lib/
  shape cases/F7-1.json:1636 [arn] every ARN on this line has its account field masked to <account> (lib/
  shape cases/F7-1.json:1637 [arn] every ARN on this line has its account field masked to <account> (lib/
  shape cases/F7-1.json:1638 [arn] every ARN on this line has its account field masked to <account> (lib/
  shape cases/F7-1.json:1639 [arn] every ARN on this line has its account field masked to <account> (lib/
  shape cases/F7-1.json:1640 [arn] every ARN on this line has its account field masked to <account> (lib/
  shape cases/F7-1.json:1641 [arn] every ARN on this line has its account field masked to <account> (lib/
  shape cases/F7-1.json:1642 [arn] every ARN on this line has its account field masked to <account> (lib/
  shape cases/F7-1.json:1643 [arn] every ARN on this line has its account field masked to <account> (lib/
  shape cases/F7-1.json:1644 [arn] every ARN on this line has its account field masked to <account> (lib/
  shape cases/F7-1.json:1645 [arn] every ARN on this line has its account field masked to <account> (lib/
  shape cases/F7-1.json:1646 [arn] every ARN on this line has its account field masked to <account> (lib/
  shape cases/F7-1.json:1647 [arn] every ARN on this line has its account field masked to <account> (lib/
  shape cases/F7-1.json:1648 [arn] every ARN on this line has its account field masked to <account> (lib/
  shape cases/F7-1.json:1649 [arn] every ARN on this line has its account field masked to <account> (lib/
  shape cases/F7-1.json:1650 [arn] every ARN on this line has its account field masked to <account> (lib/
  shape cases/F7-1.json:1651 [arn] every ARN on this line has its account field masked to <account> (lib/
  shape cases/F7-1.json:1652 [arn] every ARN on this line has its account field masked to <account> (lib/
  shape cases/F7-1.json:1653 [arn] every ARN on this line has its account field masked to <account> (lib/
  shape cases/F7-1.json:1654 [arn] every ARN on this line has its account field masked to <account> (lib/
  shape cases/F7-1.json:1655 [arn] every ARN on this line has its account field masked to <account> (lib/
  shape cases/F7-1.json:1821 [arn] every ARN on this line has its account field masked to <account> (lib/
  shape cases/F7-1.json:1822 [arn] every ARN on this line has its account field masked to <account> (lib/
  shape cases/F7-1.json:1823 [arn] every ARN on this line has its account field masked to <account> (lib/
  shape cases/F7-1.json:1824 [arn] every ARN on this line has its account field masked to <account> (lib/
  shape cases/F7-1.json:1825 [arn] every ARN on this line has its account field masked to <account> (lib/
  shape cases/F7-1.json:1826 [arn] every ARN on this line has its account field masked to <account> (lib/
  shape cases/F7-1.json:1827 [arn] every ARN on this line has its account field masked to <account> (lib/
  shape cases/F7-1.json:1828 [arn] every ARN on this line has its account field masked to <account> (lib/
  shape cases/F7-1.json:1829 [arn] every ARN on this line has its account field masked to <account> (lib/
  shape cases/F7-1.json:1830 [arn] every ARN on this line has its account field masked to <account> (lib/
  shape cases/F7-1.json:1831 [arn] every ARN on this line has its account field masked to <account> (lib/
  shape cases/F7-1.json:1832 [arn] every ARN on this line has its account field masked to <account> (lib/
  shape cases/F7-1.json:1833 [arn] every ARN on this line has its account field masked to <account> (lib/
  shape cases/F7-1.json:1834 [arn] every ARN on this line has its account field masked to <account> (lib/
  shape cases/F7-1.json:1835 [arn] every ARN on this line has its account field masked to <account> (lib/
  shape cases/F7-1.json:1836 [arn] every ARN on this line has its account field masked to <account> (lib/
  shape cases/F7-1.json:1837 [arn] every ARN on this line has its account field masked to <account> (lib/
  shape cases/F7-1.json:1874 [arn] every ARN on this line has its account field masked to <account> (lib/
  shape cases/F7-1.json:1875 [arn] every ARN on this line has its account field masked to <account> (lib/
  shape cases/F7-1.json:1876 [arn] every ARN on this line has its account field masked to <account> (lib/
  shape cases/F7-1.json:1877 [arn] every ARN on this line has its account field masked to <account> (lib/
  shape cases/F7-1.json:1878 [arn] every ARN on this line has its account field masked to <account> (lib/
  shape cases/F7-1.json:1879 [arn] every ARN on this line has its account field masked to <account> (lib/
  shape cases/F7-1.json:1880 [arn] every ARN on this line has its account field masked to <account> (lib/
  shape cases/F7-1.json:1881 [arn] every ARN on this line has its account field masked to <account> (lib/
  shape cases/F7-1.json:1882 [arn] every ARN on this line has its account field masked to <account> (lib/
  shape cases/F7-1.json:1883 [arn] every ARN on this line has its account field masked to <account> (lib/
  shape cases/F7-1.json:1925 [arn] every ARN on this line has its account field masked to <account> (lib/
  shape cases/F7-1.json:1926 [arn] every ARN on this line has its account field masked to <account> (lib/
  shape cases/F7-1.json:1927 [arn] every ARN on this line has its account field masked to <account> (lib/
  shape cases/F7-1.json:1928 [arn] every ARN on this line has its account field masked to <account> (lib/
  shape cases/F7-1.json:1929 [arn] every ARN on this line has its account field masked to <account> (lib/
  shape cases/F7-1.json:1930 [arn] every ARN on this line has its account field masked to <account> (lib/
  shape cases/F7-1.json:1931 [arn] every ARN on this line has its account field masked to <account> (lib/
  shape cases/F7-1.json:1932 [arn] every ARN on this line has its account field masked to <account> (lib/
  shape cases/F7-1.json:1933 [arn] every ARN on this line has its account field masked to <account> (lib/
  shape cases/F7-1.json:1934 [arn] every ARN on this line has its account field masked to <account> (lib/
  shape cases/F7-1.json:1935 [arn] every ARN on this line has its account field masked to <account> (lib/
  shape cases/F7-1.json:1936 [arn] every ARN on this line has its account field masked to <account> (lib/
  shape cases/F7-1.json:1937 [arn] every ARN on this line has its account field masked to <account> (lib/
  shape cases/F7-1.json:1938 [arn] every ARN on this line has its account field masked to <account> (lib/
  shape cases/F7-1.json:1939 [arn] every ARN on this line has its account field masked to <account> (lib/
  shape cases/F7-1.json:1940 [arn] every ARN on this line has its account field masked to <account> (lib/
  shape cases/F7-1.json:1941 [arn] every ARN on this line has its account field masked to <account> (lib/
  shape cases/F7-1.json:2056 [arn] every ARN on this line has its account field masked to <account> (lib/
  shape cases/F7-1.json:2057 [arn] every ARN on this line has its account field masked to <account> (lib/
  shape cases/F7-1.json:2058 [arn] every ARN on this line has its account field masked to <account> (lib/
  shape cases/F7-1.json:2059 [arn] every ARN on this line has its account field masked to <account> (lib/
  shape cases/F7-1.json:2060 [arn] every ARN on this line has its account field masked to <account> (lib/
  shape cases/F7-1.json:2061 [arn] every ARN on this line has its account field masked to <account> (lib/
  shape cases/F7-1.json:2062 [arn] every ARN on this line has its account field masked to <account> (lib/
  shape cases/F7-1.json:2063 [arn] every ARN on this line has its account field masked to <account> (lib/
  shape cases/F7-1.json:2064 [arn] every ARN on this line has its account field masked to <account> (lib/
  shape cases/F7-1.json:2065 [arn] every ARN on this line has its account field masked to <account> (lib/
  shape cases/F7-1.json:2066 [arn] every ARN on this line has its account field masked to <account> (lib/
  shape cases/F7-1.json:2067 [arn] every ARN on this line has its account field masked to <account> (lib/
  shape cases/F7-1.json:2068 [arn] every ARN on this line has its account field masked to <account> (lib/
  shape cases/F7-1.json:2069 [arn] every ARN on this line has its account field masked to <account> (lib/
  shape cases/F7-1.json:2070 [arn] every ARN on this line has its account field masked to <account> (lib/
  shape cases/F7-1.json:2071 [arn] every ARN on this line has its account field masked to <account> (lib/
  shape cases/F7-1.json:2072 [arn] every ARN on this line has its account field masked to <account> (lib/
  shape cases/F7-1.json:2073 [arn] every ARN on this line has its account field masked to <account> (lib/
  shape cases/F7-1.json:2074 [arn] every ARN on this line has its account field masked to <account> (lib/
  shape cases/F7-1.json:2075 [arn] every ARN on this line has its account field masked to <account> (lib/
  shape cases/F7-1.json:2076 [arn] every ARN on this line has its account field masked to <account> (lib/
  shape cases/F7-1.json:2077 [arn] every ARN on this line has its account field masked to <account> (lib/
  shape cases/F7-1.json:2078 [arn] every ARN on this line has its account field masked to <account> (lib/
  shape cases/F7-1.json:2079 [arn] every ARN on this line has its account field masked to <account> (lib/
  shape cases/F7-1.json:2080 [arn] every ARN on this line has its account field masked to <account> (lib/
  shape cases/F7-1.json:2081 [arn] every ARN on this line has its account field masked to <account> (lib/
  shape cases/F7-1.json:2102 [arn] every ARN on this line has its account field masked to <account> (lib/
  shape cases/F7-1.json:2103 [arn] every ARN on this line has its account field masked to <account> (lib/
  shape cases/F7-1.json:2104 [arn] every ARN on this line has its account field masked to <account> (lib/
  shape cases/F7-1.json:2105 [arn] every ARN on this line has its account field masked to <account> (lib/
  shape cases/F7-1.json:2106 [arn] every ARN on this line has its account field masked to <account> (lib/
  shape cases/F7-1.json:2107 [arn] every ARN on this line has its account field masked to <account> (lib/
  shape cases/F7-1.json:2108 [arn] every ARN on this line has its account field masked to <account> (lib/
  shape cases/F7-1.json:2109 [arn] every ARN on this line has its account field masked to <account> (lib/
  shape cases/F7-1.json:2110 [arn] every ARN on this line has its account field masked to <account> (lib/
  shape cases/F7-1.json:2111 [arn] every ARN on this line has its account field masked to <account> (lib/
  shape cases/F7-1.json:2112 [arn] every ARN on this line has its account field masked to <account> (lib/
  shape cases/F7-1.json:2113 [arn] every ARN on this line has its account field masked to <account> (lib/
  shape cases/F7-1.json:2114 [arn] every ARN on this line has its account field masked to <account> (lib/
  shape cases/F7-1.json:2115 [arn] every ARN on this line has its account field masked to <account> (lib/
  shape cases/F7-1.json:2116 [arn] every ARN on this line has its account field masked to <account> (lib/
  shape cases/F7-1.json:2117 [arn] every ARN on this line has its account field masked to <account> (lib/
  shape cases/F7-1.json:2118 [arn] every ARN on this line has its account field masked to <account> (lib/
  shape cases/F7-1.json:2157 [arn] every ARN on this line has its account field masked to <account> (lib/
  shape cases/F7-1.json:2158 [arn] every ARN on this line has its account field masked to <account> (lib/
  shape cases/F7-1.json:2159 [arn] every ARN on this line has its account field masked to <account> (lib/
  shape cases/F7-1.json:2160 [arn] every ARN on this line has its account field masked to <account> (lib/
  shape cases/F7-1.json:2161 [arn] every ARN on this line has its account field masked to <account> (lib/
  shape cases/F7-1.json:2162 [arn] every ARN on this line has its account field masked to <account> (lib/
  shape cases/F7-1.json:2163 [arn] every ARN on this line has its account field masked to <account> (lib/
  shape cases/F7-1.json:2164 [arn] every ARN on this line has its account field masked to <account> (lib/
  shape cases/F7-1.json:2165 [arn] every ARN on this line has its account field masked to <account> (lib/
  shape cases/F7-1.json:2166 [arn] every ARN on this line has its account field masked to <account> (lib/
  shape cases/F7-1.json:2167 [arn] every ARN on this line has its account field masked to <account> (lib/
  shape cases/F7-1.json:2168 [arn] every ARN on this line has its account field masked to <account> (lib/
  shape cases/F7-1.json:2169 [arn] every ARN on this line has its account field masked to <account> (lib/
  shape cases/F7-1.json:2170 [arn] every ARN on this line has its account field masked to <account> (lib/
  shape cases/F7-1.json:2171 [arn] every ARN on this line has its account field masked to <account> (lib/
  shape cases/F7-1.json:2172 [arn] every ARN on this line has its account field masked to <account> (lib/
  shape cases/F7-1.json:2173 [arn] every ARN on this line has its account field masked to <account> (lib/
  shape cases/F7-1.json:2174 [arn] every ARN on this line has its account field masked to <account> (lib/
  shape cases/F7-1.json:2175 [arn] every ARN on this line has its account field masked to <account> (lib/
  shape cases/F7-1.json:2176 [arn] every ARN on this line has its account field masked to <account> (lib/
  shape cases/F7-1.json:2177 [arn] every ARN on this line has its account field masked to <account> (lib/
  shape cases/F7-1.json:2201 [arn] every ARN on this line has its account field masked to <account> (lib/
  shape cases/F7-1.json:2206 [arn] every ARN on this line has its account field masked to <account> (lib/
  shape cases/F7-1.json:2207 [arn] every ARN on this line has its account field masked to <account> (lib/
  shape cases/F7-1.json:2208 [arn] every ARN on this line has its account field masked to <account> (lib/
  shape cases/F7-1.json:2209 [arn] every ARN on this line has its account field masked to <account> (lib/
  shape cases/F7-1.json:2210 [arn] every ARN on this line has its account field masked to <account> (lib/
  shape cases/F7-1.json:2211 [arn] every ARN on this line has its account field masked to <account> (lib/
  shape cases/F7-1.json:2212 [arn] every ARN on this line has its account field masked to <account> (lib/
  shape cases/F7-1.json:2221 [arn] every ARN on this line has its account field masked to <account> (lib/
  shape cases/F7-1.json:2222 [arn] every ARN on this line has its account field masked to <account> (lib/
  shape cases/F7-1.json:2223 [arn] every ARN on this line has its account field masked to <account> (lib/
  shape cases/F7-1.json:2224 [arn] every ARN on this line has its account field masked to <account> (lib/
  shape cases/F7-1.json:2225 [arn] every ARN on this line has its account field masked to <account> (lib/
  shape cases/F7-1.json:2226 [arn] every ARN on this line has its account field masked to <account> (lib/
  shape cases/F7-1.json:2227 [arn] every ARN on this line has its account field masked to <account> (lib/
  shape cases/F7-1.json:2228 [arn] every ARN on this line has its account field masked to <account> (lib/
  shape cases/F7-1.json:2229 [arn] every ARN on this line has its account field masked to <account> (lib/
  shape cases/F7-1.json:2230 [arn] every ARN on this line has its account field masked to <account> (lib/
  shape cases/F7-1.json:2280 [arn] every ARN on this line has its account field masked to <account> (lib/
  shape cases/F7-1.json:2281 [arn] every ARN on this line has its account field masked to <account> (lib/
  shape cases/F7-1.json:2282 [arn] every ARN on this line has its account field masked to <account> (lib/
  shape cases/F7-1.json:2283 [arn] every ARN on this line has its account field masked to <account> (lib/
  shape cases/F7-1.json:2284 [arn] every ARN on this line has its account field masked to <account> (lib/
  shape cases/F7-1.json:2285 [arn] every ARN on this line has its account field masked to <account> (lib/
  shape cases/F7-1.json:2286 [arn] every ARN on this line has its account field masked to <account> (lib/
  shape cases/F7-1.json:2287 [arn] every ARN on this line has its account field masked to <account> (lib/
  shape cases/F7-1.json:2288 [arn] every ARN on this line has its account field masked to <account> (lib/
  shape cases/F7-1.json:2289 [arn] every ARN on this line has its account field masked to <account> (lib/
  shape cases/F7-1.json:2290 [arn] every ARN on this line has its account field masked to <account> (lib/
  shape cases/F7-1.json:2291 [arn] every ARN on this line has its account field masked to <account> (lib/
  shape cases/F7-1.json:2292 [arn] every ARN on this line has its account field masked to <account> (lib/
  shape cases/F7-1.json:2293 [arn] every ARN on this line has its account field masked to <account> (lib/
  shape cases/F7-1.json:2294 [arn] every ARN on this line has its account field masked to <account> (lib/
  shape cases/F7-1.json:2295 [arn] every ARN on this line has its account field masked to <account> (lib/
  shape cases/F7-1.json:2296 [arn] every ARN on this line has its account field masked to <account> (lib/
  shape cases/F7-1.json:2432 [arn] every ARN on this line has its account field masked to <account> (lib/
  shape cases/F7-1.json:2433 [arn] every ARN on this line has its account field masked to <account> (lib/
  shape cases/F7-1.json:2434 [arn] every ARN on this line has its account field masked to <account> (lib/
  shape cases/F7-1.json:2435 [arn] every ARN on this line has its account field masked to <account> (lib/
  shape cases/F7-1.json:2436 [arn] every ARN on this line has its account field masked to <account> (lib/
  shape cases/F7-1.json:2437 [arn] every ARN on this line has its account field masked to <account> (lib/
  shape cases/F7-1.json:2438 [arn] every ARN on this line has its account field masked to <account> (lib/
  shape cases/F7-1.json:2439 [arn] every ARN on this line has its account field masked to <account> (lib/
  shape cases/F7-1.json:2440 [arn] every ARN on this line has its account field masked to <account> (lib/
  shape cases/F7-1.json:2441 [arn] every ARN on this line has its account field masked to <account> (lib/
  shape cases/F7-1.json:2442 [arn] every ARN on this line has its account field masked to <account> (lib/
  shape cases/F7-1.json:2443 [arn] every ARN on this line has its account field masked to <account> (lib/
  shape cases/F7-1.json:2444 [arn] every ARN on this line has its account field masked to <account> (lib/
  shape cases/F7-1.json:2445 [arn] every ARN on this line has its account field masked to <account> (lib/
  shape cases/F7-1.json:2446 [arn] every ARN on this line has its account field masked to <account> (lib/
  shape cases/F7-1.json:2447 [arn] every ARN on this line has its account field masked to <account> (lib/
  shape cases/F7-1.json:2448 [arn] every ARN on this line has its account field masked to <account> (lib/
  shape cases/F7-1.json:2449 [arn] every ARN on this line has its account field masked to <account> (lib/
  shape cases/F7-1.json:2450 [arn] every ARN on this line has its account field masked to <account> (lib/
  shape cases/F7-1.json:2451 [arn] every ARN on this line has its account field masked to <account> (lib/
  shape cases/F7-1.json:2452 [arn] every ARN on this line has its account field masked to <account> (lib/
  shape cases/F7-1.json:2453 [arn] every ARN on this line has its account field masked to <account> (lib/
  shape cases/F7-1.json:2454 [arn] every ARN on this line has its account field masked to <account> (lib/
  shape cases/F7-1.json:2455 [arn] every ARN on this line has its account field masked to <account> (lib/
  shape cases/F7-1.json:2456 [arn] every ARN on this line has its account field masked to <account> (lib/
  shape cases/F7-1.json:2457 [arn] every ARN on this line has its account field masked to <account> (lib/
  shape cases/F7-1.json:2458 [arn] every ARN on this line has its account field masked to <account> (lib/
  shape cases/F7-1.json:2459 [arn] every ARN on this line has its account field masked to <account> (lib/
  shape cases/F7-1.json:2460 [arn] every ARN on this line has its account field masked to <account> (lib/
  shape cases/F7-1.json:2461 [arn] every ARN on this line has its account field masked to <account> (lib/
  shape cases/F7-1.json:2462 [arn] every ARN on this line has its account field masked to <account> (lib/
  shape cases/F7-1.json:2463 [arn] every ARN on this line has its account field masked to <account> (lib/
  shape cases/F7-1.json:2464 [arn] every ARN on this line has its account field masked to <account> (lib/
  shape cases/F7-1.json:2465 [arn] every ARN on this line has its account field masked to <account> (lib/
  shape cases/F7-1.json:2466 [arn] every ARN on this line has its account field masked to <account> (lib/
  shape cases/F7-1.json:2467 [arn] every ARN on this line has its account field masked to <account> (lib/
  shape cases/F7-1.json:2468 [arn] every ARN on this line has its account field masked to <account> (lib/
  shape cases/F7-1.json:2469 [arn] every ARN on this line has its account field masked to <account> (lib/
  shape cases/F7-1.json:2470 [arn] every ARN on this line has its account field masked to <account> (lib/
  shape cases/F7-1.json:2471 [arn] every ARN on this line has its account field masked to <account> (lib/
  shape cases/F7-1.json:2472 [arn] every ARN on this line has its account field masked to <account> (lib/
  shape cases/F7-1.json:2473 [arn] every ARN on this line has its account field masked to <account> (lib/
  shape cases/F7-1.json:2474 [arn] every ARN on this line has its account field masked to <account> (lib/
  shape cases/F7-1.json:2475 [arn] every ARN on this line has its account field masked to <account> (lib/
  shape cases/F7-1.json:2476 [arn] every ARN on this line has its account field masked to <account> (lib/
  shape cases/F7-1.json:2477 [arn] every ARN on this line has its account field masked to <account> (lib/
  shape cases/F7-1.json:2478 [arn] every ARN on this line has its account field masked to <account> (lib/
  shape cases/F7-1.json:2479 [arn] every ARN on this line has its account field masked to <account> (lib/
  shape cases/F7-1.json:2480 [arn] every ARN on this line has its account field masked to <account> (lib/
  shape cases/F7-1.json:2481 [arn] every ARN on this line has its account field masked to <account> (lib/
  shape cases/F7-1.json:2482 [arn] every ARN on this line has its account field masked to <account> (lib/
  shape cases/F7-1.json:2542 [arn] every ARN on this line has its account field masked to <account> (lib/
  shape cases/F7-1.json:2543 [arn] every ARN on this line has its account field masked to <account> (lib/
  shape cases/F7-1.json:2544 [arn] every ARN on this line has its account field masked to <account> (lib/
  shape cases/F7-1.json:2545 [arn] every ARN on this line has its account field masked to <account> (lib/
  shape cases/F7-1.json:2546 [arn] every ARN on this line has its account field masked to <account> (lib/
  shape cases/F7-1.json:2547 [arn] every ARN on this line has its account field masked to <account> (lib/
  shape cases/F7-1.json:2548 [arn] every ARN on this line has its account field masked to <account> (lib/
  shape cases/F7-1.json:2549 [arn] every ARN on this line has its account field masked to <account> (lib/
  shape cases/F7-1.json:2550 [arn] every ARN on this line has its account field masked to <account> (lib/
  shape cases/F7-1.json:2551 [arn] every ARN on this line has its account field masked to <account> (lib/
  shape cases/F7-1.json:2552 [arn] every ARN on this line has its account field masked to <account> (lib/
  shape cases/F7-1.json:2553 [arn] every ARN on this line has its account field masked to <account> (lib/
  shape cases/F7-1.json:2554 [arn] every ARN on this line has its account field masked to <account> (lib/
  shape cases/F7-1.json:2555 [arn] every ARN on this line has its account field masked to <account> (lib/
  shape cases/F7-1.json:2556 [arn] every ARN on this line has its account field masked to <account> (lib/
  shape cases/F7-1.json:2557 [arn] every ARN on this line has its account field masked to <account> (lib/
  shape cases/F7-1.json:2558 [arn] every ARN on this line has its account field masked to <account> (lib/
  shape cases/F7-1.json:2692 [arn] every ARN on this line has its account field masked to <account> (lib/
  shape cases/F7-1.json:2693 [arn] every ARN on this line has its account field masked to <account> (lib/
  shape cases/F7-1.json:2694 [arn] every ARN on this line has its account field masked to <account> (lib/
  shape cases/F7-1.json:2695 [arn] every ARN on this line has its account field masked to <account> (lib/
  shape cases/F7-1.json:2696 [arn] every ARN on this line has its account field masked to <account> (lib/
  shape cases/F7-1.json:2697 [arn] every ARN on this line has its account field masked to <account> (lib/
  shape cases/F7-1.json:2698 [arn] every ARN on this line has its account field masked to <account> (lib/
  shape cases/F7-1.json:2699 [arn] every ARN on this line has its account field masked to <account> (lib/
  shape cases/F7-1.json:2700 [arn] every ARN on this line has its account field masked to <account> (lib/
  shape cases/F7-1.json:2701 [arn] every ARN on this line has its account field masked to <account> (lib/
  shape cases/F7-1.json:2702 [arn] every ARN on this line has its account field masked to <account> (lib/
  shape cases/F7-1.json:2703 [arn] every ARN on this line has its account field masked to <account> (lib/
  shape cases/F7-1.json:2704 [arn] every ARN on this line has its account field masked to <account> (lib/
  shape cases/F7-1.json:2705 [arn] every ARN on this line has its account field masked to <account> (lib/
  shape cases/F7-1.json:2706 [arn] every ARN on this line has its account field masked to <account> (lib/
  shape cases/F7-1.json:2707 [arn] every ARN on this line has its account field masked to <account> (lib/
  shape cases/F7-1.json:2708 [arn] every ARN on this line has its account field masked to <account> (lib/
  shape cases/F7-1.json:2709 [arn] every ARN on this line has its account field masked to <account> (lib/
  shape cases/F7-1.json:2710 [arn] every ARN on this line has its account field masked to <account> (lib/
  shape cases/F7-1.json:2711 [arn] every ARN on this line has its account field masked to <account> (lib/
  shape cases/F7-1.json:2712 [arn] every ARN on this line has its account field masked to <account> (lib/
  shape cases/F7-1.json:2713 [arn] every ARN on this line has its account field masked to <account> (lib/
  shape cases/F7-1.json:2714 [arn] every ARN on this line has its account field masked to <account> (lib/
  shape cases/F7-1.json:2715 [arn] every ARN on this line has its account field masked to <account> (lib/
  shape cases/F7-1.json:2716 [arn] every ARN on this line has its account field masked to <account> (lib/
  shape cases/F7-1.json:2717 [arn] every ARN on this line has its account field masked to <account> (lib/
  shape cases/F7-1.json:2718 [arn] every ARN on this line has its account field masked to <account> (lib/
  shape cases/F7-1.json:2719 [arn] every ARN on this line has its account field masked to <account> (lib/
  shape cases/F7-1.json:2720 [arn] every ARN on this line has its account field masked to <account> (lib/
  shape cases/F7-1.json:2721 [arn] every ARN on this line has its account field masked to <account> (lib/
  shape cases/F7-1.json:2722 [arn] every ARN on this line has its account field masked to <account> (lib/
  shape cases/F7-1.json:2723 [arn] every ARN on this line has its account field masked to <account> (lib/
  shape cases/F7-1.json:2724 [arn] every ARN on this line has its account field masked to <account> (lib/
  shape cases/F7-1.json:2725 [arn] every ARN on this line has its account field masked to <account> (lib/
  shape cases/F7-1.json:2726 [arn] every ARN on this line has its account field masked to <account> (lib/
  shape cases/F7-1.json:2727 [arn] every ARN on this line has its account field masked to <account> (lib/
  shape cases/F7-1.json:2728 [arn] every ARN on this line has its account field masked to <account> (lib/
  shape cases/F7-1.json:2729 [arn] every ARN on this line has its account field masked to <account> (lib/
  shape cases/F7-1.json:2730 [arn] every ARN on this line has its account field masked to <account> (lib/
  shape cases/F7-1.json:2731 [arn] every ARN on this line has its account field masked to <account> (lib/
  shape cases/F7-1.json:2732 [arn] every ARN on this line has its account field masked to <account> (lib/
  shape cases/F7-1.json:2733 [arn] every ARN on this line has its account field masked to <account> (lib/
  shape cases/F7-1.json:2734 [arn] every ARN on this line has its account field masked to <account> (lib/
  shape cases/F7-1.json:2735 [arn] every ARN on this line has its account field masked to <account> (lib/
  shape cases/F7-1.json:2736 [arn] every ARN on this line has its account field masked to <account> (lib/
  shape cases/F7-1.json:2737 [arn] every ARN on this line has its account field masked to <account> (lib/
  shape cases/F7-1.json:2738 [arn] every ARN on this line has its account field masked to <account> (lib/
  shape cases/F7-1.json:2739 [arn] every ARN on this line has its account field masked to <account> (lib/
  shape cases/F7-1.json:2740 [arn] every ARN on this line has its account field masked to <account> (lib/
  shape cases/F7-1.json:2741 [arn] every ARN on this line has its account field masked to <account> (lib/
  shape cases/F7-1.json:2742 [arn] every ARN on this line has its account field masked to <account> (lib/
  shape cases/F7-1.json:2851 [arn] every ARN on this line has its account field masked to <account> (lib/
  shape cases/F7-1.json:2852 [arn] every ARN on this line has its account field masked to <account> (lib/
  shape cases/F7-1.json:2853 [arn] every ARN on this line has its account field masked to <account> (lib/
  shape cases/F7-1.json:2854 [arn] every ARN on this line has its account field masked to <account> (lib/
  shape cases/F7-1.json:2855 [arn] every ARN on this line has its account field masked to <account> (lib/
  shape cases/F7-1.json:2856 [arn] every ARN on this line has its account field masked to <account> (lib/
  shape cases/F7-1.json:2857 [arn] every ARN on this line has its account field masked to <account> (lib/
  shape cases/F7-1.json:2858 [arn] every ARN on this line has its account field masked to <account> (lib/
  shape cases/F7-1.json:2859 [arn] every ARN on this line has its account field masked to <account> (lib/
  shape cases/F7-1.json:2860 [arn] every ARN on this line has its account field masked to <account> (lib/
  shape cases/F7-1.json:2861 [arn] every ARN on this line has its account field masked to <account> (lib/
  shape cases/F7-1.json:2862 [arn] every ARN on this line has its account field masked to <account> (lib/
  shape cases/F7-1.json:2863 [arn] every ARN on this line has its account field masked to <account> (lib/
  shape cases/F7-1.json:2864 [arn] every ARN on this line has its account field masked to <account> (lib/
  shape cases/F7-1.json:2865 [arn] every ARN on this line has its account field masked to <account> (lib/
  shape cases/F7-1.json:2866 [arn] every ARN on this line has its account field masked to <account> (lib/
  shape cases/F7-1.json:2867 [arn] every ARN on this line has its account field masked to <account> (lib/
  shape cases/F7-1.json:2912 [arn] every ARN on this line has its account field masked to <account> (lib/
  shape cases/F7-1.json:2913 [arn] every ARN on this line has its account field masked to <account> (lib/
  shape cases/F7-1.json:2914 [arn] every ARN on this line has its account field masked to <account> (lib/
  shape cases/F7-1.json:2915 [arn] every ARN on this line has its account field masked to <account> (lib/
  shape cases/F7-1.json:2916 [arn] every ARN on this line has its account field masked to <account> (lib/
  shape cases/F7-1.json:2917 [arn] every ARN on this line has its account field masked to <account> (lib/
  shape cases/F7-1.json:2918 [arn] every ARN on this line has its account field masked to <account> (lib/
  shape cases/F7-1.json:2919 [arn] every ARN on this line has its account field masked to <account> (lib/
  shape cases/F7-1.json:2920 [arn] every ARN on this line has its account field masked to <account> (lib/
  shape cases/F7-1.json:2921 [arn] every ARN on this line has its account field masked to <account> (lib/
  shape cases/F7-1.json:3009 [arn] every ARN on this line has its account field masked to <account> (lib/
  shape cases/F7-1.json:3010 [arn] every ARN on this line has its account field masked to <account> (lib/
  shape cases/F7-1.json:3011 [arn] every ARN on this line has its account field masked to <account> (lib/
  shape cases/F7-1.json:3012 [arn] every ARN on this line has its account field masked to <account> (lib/
  shape cases/F7-1.json:3013 [arn] every ARN on this line has its account field masked to <account> (lib/
  shape cases/F7-1.json:3014 [arn] every ARN on this line has its account field masked to <account> (lib/
  shape cases/F7-1.json:3015 [arn] every ARN on this line has its account field masked to <account> (lib/
  shape cases/F7-1.json:3016 [arn] every ARN on this line has its account field masked to <account> (lib/
  shape cases/F7-1.json:3017 [arn] every ARN on this line has its account field masked to <account> (lib/
  shape cases/F7-1.json:3018 [arn] every ARN on this line has its account field masked to <account> (lib/
  shape cases/F7-1.json:3019 [arn] every ARN on this line has its account field masked to <account> (lib/
  shape cases/F7-1.json:3020 [arn] every ARN on this line has its account field masked to <account> (lib/
  shape cases/F7-1.json:3021 [arn] every ARN on this line has its account field masked to <account> (lib/
  shape cases/F7-1.json:3022 [arn] every ARN on this line has its account field masked to <account> (lib/
  shape cases/F7-1.json:3023 [arn] every ARN on this line has its account field masked to <account> (lib/
  shape cases/F7-1.json:3024 [arn] every ARN on this line has its account field masked to <account> (lib/
  shape cases/F7-1.json:3025 [arn] every ARN on this line has its account field masked to <account> (lib/
  shape cases/F7-1.json:3050 [arn] every ARN on this line has its account field masked to <account> (lib/
  shape cases/F7-1.json:3051 [arn] every ARN on this line has its account field masked to <account> (lib/
  shape cases/F7-1.json:3052 [arn] every ARN on this line has its account field masked to <account> (lib/
  shape cases/F7-1.json:3053 [arn] every ARN on this line has its account field masked to <account> (lib/
  shape cases/F7-1.json:3054 [arn] every ARN on this line has its account field masked to <account> (lib/
  shape cases/F7-1.json:3055 [arn] every ARN on this line has its account field masked to <account> (lib/
  shape cases/F7-1.json:3056 [arn] every ARN on this line has its account field masked to <account> (lib/
  shape cases/F7-1.json:3057 [arn] every ARN on this line has its account field masked to <account> (lib/
  shape cases/F7-1.json:3058 [arn] every ARN on this line has its account field masked to <account> (lib/
  shape cases/F7-1.json:3059 [arn] every ARN on this line has its account field masked to <account> (lib/
  shape cases/F7-1.json:3060 [arn] every ARN on this line has its account field masked to <account> (lib/
  shape cases/F7-1.json:3061 [arn] every ARN on this line has its account field masked to <account> (lib/
  shape cases/F7-1.json:3062 [arn] every ARN on this line has its account field masked to <account> (lib/
  shape cases/F7-1.json:3063 [arn] every ARN on this line has its account field masked to <account> (lib/
  shape cases/F7-1.json:3064 [arn] every ARN on this line has its account field masked to <account> (lib/
  shape cases/F7-1.json:3065 [arn] every ARN on this line has its account field masked to <account> (lib/
  shape cases/F7-1.json:3066 [arn] every ARN on this line has its account field masked to <account> (lib/
  shape cases/F7-1.json:3077 [arn] every ARN on this line has its account field masked to <account> (lib/
  shape cases/F7-1.json:3078 [arn] every ARN on this line has its account field masked to <account> (lib/
  shape cases/F7-1.json:3079 [arn] every ARN on this line has its account field masked to <account> (lib/
  shape cases/F7-1.json:3080 [arn] every ARN on this line has its account field masked to <account> (lib/
  shape cases/F7-1.json:3081 [arn] every ARN on this line has its account field masked to <account> (lib/
  shape cases/F7-1.json:3082 [arn] every ARN on this line has its account field masked to <account> (lib/
  shape cases/F7-1.json:3083 [arn] every ARN on this line has its account field masked to <account> (lib/
  shape cases/F7-1.json:3084 [arn] every ARN on this line has its account field masked to <account> (lib/
  shape cases/F7-1.json:3085 [arn] every ARN on this line has its account field masked to <account> (lib/
  shape cases/F7-1.json:3086 [arn] every ARN on this line has its account field masked to <account> (lib/
  shape cases/F7-1.json:3087 [arn] every ARN on this line has its account field masked to <account> (lib/
  shape cases/F7-1.json:3088 [arn] every ARN on this line has its account field masked to <account> (lib/
  shape cases/F7-1.json:3089 [arn] every ARN on this line has its account field masked to <account> (lib/
  shape cases/F7-1.json:3090 [arn] every ARN on this line has its account field masked to <account> (lib/
  shape cases/F7-1.json:3091 [arn] every ARN on this line has its account field masked to <account> (lib/
  shape cases/F7-1.json:3092 [arn] every ARN on this line has its account field masked to <account> (lib/
  shape cases/F7-1.json:3093 [arn] every ARN on this line has its account field masked to <account> (lib/
  shape cases/F7-1.json:3207 [arn] every ARN on this line has its account field masked to <account> (lib/
  shape cases/F7-1.json:3208 [arn] every ARN on this line has its account field masked to <account> (lib/
  shape cases/F7-1.json:3209 [arn] every ARN on this line has its account field masked to <account> (lib/
  shape cases/F7-1.json:3210 [arn] every ARN on this line has its account field masked to <account> (lib/
  shape cases/F7-1.json:3211 [arn] every ARN on this line has its account field masked to <account> (lib/
  shape cases/F7-1.json:3212 [arn] every ARN on this line has its account field masked to <account> (lib/
  shape cases/F7-1.json:3213 [arn] every ARN on this line has its account field masked to <account> (lib/
  shape cases/F7-1.json:3214 [arn] every ARN on this line has its account field masked to <account> (lib/
  shape cases/F7-1.json:3215 [arn] every ARN on this line has its account field masked to <account> (lib/
  shape cases/F7-1.json:3216 [arn] every ARN on this line has its account field masked to <account> (lib/
  shape cases/F7-1.json:3217 [arn] every ARN on this line has its account field masked to <account> (lib/
  shape cases/F7-1.json:3218 [arn] every ARN on this line has its account field masked to <account> (lib/
  shape cases/F7-1.json:3219 [arn] every ARN on this line has its account field masked to <account> (lib/
  shape cases/F7-1.json:3220 [arn] every ARN on this line has its account field masked to <account> (lib/
  shape cases/F7-1.json:3221 [arn] every ARN on this line has its account field masked to <account> (lib/
  shape cases/F7-1.json:3222 [arn] every ARN on this line has its account field masked to <account> (lib/
  shape cases/F7-1.json:3223 [arn] every ARN on this line has its account field masked to <account> (lib/
  shape cases/F7-1.json:3224 [arn] every ARN on this line has its account field masked to <account> (lib/
  shape cases/F7-1.json:3225 [arn] every ARN on this line has its account field masked to <account> (lib/
  shape cases/F7-1.json:3226 [arn] every ARN on this line has its account field masked to <account> (lib/
  shape cases/F7-1.json:3227 [arn] every ARN on this line has its account field masked to <account> (lib/
  shape cases/F7-1.json:3228 [arn] every ARN on this line has its account field masked to <account> (lib/
  shape cases/F7-1.json:3229 [arn] every ARN on this line has its account field masked to <account> (lib/
  shape cases/F7-1.json:3230 [arn] every ARN on this line has its account field masked to <account> (lib/
  shape cases/F7-1.json:3231 [arn] every ARN on this line has its account field masked to <account> (lib/
  shape cases/F7-1.json:3232 [arn] every ARN on this line has its account field masked to <account> (lib/
  shape cases/F7-1.json:3233 [arn] every ARN on this line has its account field masked to <account> (lib/
  shape cases/F7-1.json:3340 [arn] every ARN on this line has its account field masked to <account> (lib/
  shape cases/F7-1.json:3341 [arn] every ARN on this line has its account field masked to <account> (lib/
  shape cases/F7-1.json:3342 [arn] every ARN on this line has its account field masked to <account> (lib/
  shape cases/F7-1.json:3343 [arn] every ARN on this line has its account field masked to <account> (lib/
  shape cases/F7-1.json:3344 [arn] every ARN on this line has its account field masked to <account> (lib/
  shape cases/F7-1.json:3345 [arn] every ARN on this line has its account field masked to <account> (lib/
  shape cases/F7-1.json:3346 [arn] every ARN on this line has its account field masked to <account> (lib/
  shape cases/F7-1.json:3347 [arn] every ARN on this line has its account field masked to <account> (lib/
  shape cases/F7-1.json:3348 [arn] every ARN on this line has its account field masked to <account> (lib/
  shape cases/F7-1.json:3440 [arn] every ARN on this line has its account field masked to <account> (lib/
  shape cases/F7-1.json:3441 [arn] every ARN on this line has its account field masked to <account> (lib/
  shape cases/F7-1.json:3442 [arn] every ARN on this line has its account field masked to <account> (lib/
  shape cases/F7-1.json:3443 [arn] every ARN on this line has its account field masked to <account> (lib/
  shape cases/F7-1.json:3444 [arn] every ARN on this line has its account field masked to <account> (lib/
  shape cases/F7-1.json:3445 [arn] every ARN on this line has its account field masked to <account> (lib/
  shape cases/F7-1.json:3446 [arn] every ARN on this line has its account field masked to <account> (lib/
  shape cases/F7-1.json:3447 [arn] every ARN on this line has its account field masked to <account> (lib/
  shape cases/F7-1.json:3448 [arn] every ARN on this line has its account field masked to <account> (lib/
  shape cases/F7-1.json:3462 [arn] every ARN on this line has its account field masked to <account> (lib/
  shape cases/F7-1.json:3463 [arn] every ARN on this line has its account field masked to <account> (lib/
  shape cases/F7-1.json:3464 [arn] every ARN on this line has its account field masked to <account> (lib/
  shape cases/F7-1.json:3465 [arn] every ARN on this line has its account field masked to <account> (lib/
  shape cases/F7-1.json:3466 [arn] every ARN on this line has its account field masked to <account> (lib/
  shape cases/F7-1.json:3467 [arn] every ARN on this line has its account field masked to <account> (lib/
  shape cases/F7-1.json:3468 [arn] every ARN on this line has its account field masked to <account> (lib/
  shape cases/F7-1.json:3469 [arn] every ARN on this line has its account field masked to <account> (lib/
  shape cases/F7-1.json:3470 [arn] every ARN on this line has its account field masked to <account> (lib/
  shape cases/F7-1.json:3471 [arn] every ARN on this line has its account field masked to <account> (lib/
  shape cases/F7-1.json:3472 [arn] every ARN on this line has its account field masked to <account> (lib/
  shape cases/F7-1.json:3473 [arn] every ARN on this line has its account field masked to <account> (lib/
  shape cases/F7-1.json:3474 [arn] every ARN on this line has its account field masked to <account> (lib/
  shape cases/F7-1.json:3475 [arn] every ARN on this line has its account field masked to <account> (lib/
  shape cases/F7-1.json:3476 [arn] every ARN on this line has its account field masked to <account> (lib/
  shape cases/F7-1.json:3477 [arn] every ARN on this line has its account field masked to <account> (lib/
  shape cases/F7-1.json:3478 [arn] every ARN on this line has its account field masked to <account> (lib/
  shape cases/F7-1.json:3591 [arn] every ARN on this line has its account field masked to <account> (lib/
  shape cases/F7-1.json:3592 [arn] every ARN on this line has its account field masked to <account> (lib/
  shape cases/F7-1.json:3593 [arn] every ARN on this line has its account field masked to <account> (lib/
  shape cases/F7-1.json:3594 [arn] every ARN on this line has its account field masked to <account> (lib/
  shape cases/F7-1.json:3595 [arn] every ARN on this line has its account field masked to <account> (lib/
  shape cases/F7-1.json:3596 [arn] every ARN on this line has its account field masked to <account> (lib/
  shape cases/F7-1.json:3597 [arn] every ARN on this line has its account field masked to <account> (lib/
  shape cases/F7-1.json:3598 [arn] every ARN on this line has its account field masked to <account> (lib/
  shape cases/F7-1.json:3599 [arn] every ARN on this line has its account field masked to <account> (lib/
  shape cases/F7-1.json:3600 [arn] every ARN on this line has its account field masked to <account> (lib/
  shape cases/F7-1.json:3601 [arn] every ARN on this line has its account field masked to <account> (lib/
  shape cases/F7-1.json:3602 [arn] every ARN on this line has its account field masked to <account> (lib/
  shape cases/F7-1.json:3603 [arn] every ARN on this line has its account field masked to <account> (lib/
  shape cases/F7-1.json:3604 [arn] every ARN on this line has its account field masked to <account> (lib/
  shape cases/F7-1.json:3605 [arn] every ARN on this line has its account field masked to <account> (lib/
  shape cases/F7-1.json:3606 [arn] every ARN on this line has its account field masked to <account> (lib/
  shape cases/F7-1.json:3607 [arn] every ARN on this line has its account field masked to <account> (lib/
  shape cases/F7-1.json:3608 [arn] every ARN on this line has its account field masked to <account> (lib/
  shape cases/F7-1.json:3609 [arn] every ARN on this line has its account field masked to <account> (lib/
  shape cases/F7-1.json:3610 [arn] every ARN on this line has its account field masked to <account> (lib/
  shape cases/F7-1.json:3611 [arn] every ARN on this line has its account field masked to <account> (lib/
  shape cases/F7-1.json:3612 [arn] every ARN on this line has its account field masked to <account> (lib/
  shape cases/F7-1.json:3613 [arn] every ARN on this line has its account field masked to <account> (lib/
  shape cases/F7-1.json:3614 [arn] every ARN on this line has its account field masked to <account> (lib/
  shape cases/F7-1.json:3615 [arn] every ARN on this line has its account field masked to <account> (lib/
  shape cases/F7-1.json:3616 [arn] every ARN on this line has its account field masked to <account> (lib/
  shape cases/F7-1.json:3634 [arn] every ARN on this line has its account field masked to <account> (lib/
  shape cases/F7-1.json:3635 [arn] every ARN on this line has its account field masked to <account> (lib/
  shape cases/F7-1.json:3636 [arn] every ARN on this line has its account field masked to <account> (lib/
  shape cases/F7-1.json:3637 [arn] every ARN on this line has its account field masked to <account> (lib/
  shape cases/F7-1.json:3638 [arn] every ARN on this line has its account field masked to <account> (lib/
  shape cases/F7-1.json:3639 [arn] every ARN on this line has its account field masked to <account> (lib/
  shape cases/F7-1.json:3640 [arn] every ARN on this line has its account field masked to <account> (lib/
  shape cases/F7-1.json:3641 [arn] every ARN on this line has its account field masked to <account> (lib/
  shape cases/F7-1.json:3642 [arn] every ARN on this line has its account field masked to <account> (lib/
  shape cases/F7-1.json:3643 [arn] every ARN on this line has its account field masked to <account> (lib/
  shape cases/F7-1.json:3701 [arn] every ARN on this line has its account field masked to <account> (lib/
  shape cases/F7-1.json:3702 [arn] every ARN on this line has its account field masked to <account> (lib/
  shape cases/F7-1.json:3703 [arn] every ARN on this line has its account field masked to <account> (lib/
  shape cases/F7-1.json:3704 [arn] every ARN on this line has its account field masked to <account> (lib/
  shape cases/F7-1.json:3705 [arn] every ARN on this line has its account field masked to <account> (lib/
  shape cases/F7-1.json:3706 [arn] every ARN on this line has its account field masked to <account> (lib/
  shape cases/F7-1.json:3707 [arn] every ARN on this line has its account field masked to <account> (lib/
  shape cases/F7-1.json:3708 [arn] every ARN on this line has its account field masked to <account> (lib/
  shape cases/F7-1.json:3709 [arn] every ARN on this line has its account field masked to <account> (lib/
  shape cases/F7-1.json:3710 [arn] every ARN on this line has its account field masked to <account> (lib/
  shape cases/F7-1.json:3711 [arn] every ARN on this line has its account field masked to <account> (lib/
  shape cases/F7-1.json:3712 [arn] every ARN on this line has its account field masked to <account> (lib/
  shape cases/F7-1.json:3713 [arn] every ARN on this line has its account field masked to <account> (lib/
  shape cases/F7-1.json:3714 [arn] every ARN on this line has its account field masked to <account> (lib/
  shape cases/F7-1.json:3715 [arn] every ARN on this line has its account field masked to <account> (lib/
  shape cases/F7-1.json:3716 [arn] every ARN on this line has its account field masked to <account> (lib/
  shape cases/F7-1.json:3717 [arn] every ARN on this line has its account field masked to <account> (lib/
  shape cases/F7-1.json:3835 [arn] every ARN on this line has its account field masked to <account> (lib/
  shape cases/F7-1.json:3836 [arn] every ARN on this line has its account field masked to <account> (lib/
  shape cases/F7-1.json:3837 [arn] every ARN on this line has its account field masked to <account> (lib/
  shape cases/F7-1.json:3838 [arn] every ARN on this line has its account field masked to <account> (lib/
  shape cases/F7-1.json:3839 [arn] every ARN on this line has its account field masked to <account> (lib/
  shape cases/F7-1.json:3840 [arn] every ARN on this line has its account field masked to <account> (lib/
  shape cases/F7-1.json:3841 [arn] every ARN on this line has its account field masked to <account> (lib/
  shape cases/F7-1.json:3842 [arn] every ARN on this line has its account field masked to <account> (lib/
  shape cases/F7-1.json:3843 [arn] every ARN on this line has its account field masked to <account> (lib/
  shape cases/F7-1.json:3844 [arn] every ARN on this line has its account field masked to <account> (lib/
  shape cases/F7-1.json:3845 [arn] every ARN on this line has its account field masked to <account> (lib/
  shape cases/F7-1.json:3846 [arn] every ARN on this line has its account field masked to <account> (lib/
  shape cases/F7-1.json:3847 [arn] every ARN on this line has its account field masked to <account> (lib/
  shape cases/F7-1.json:3848 [arn] every ARN on this line has its account field masked to <account> (lib/
  shape cases/F7-1.json:3849 [arn] every ARN on this line has its account field masked to <account> (lib/
  shape cases/F7-1.json:3850 [arn] every ARN on this line has its account field masked to <account> (lib/
  shape cases/F7-1.json:3851 [arn] every ARN on this line has its account field masked to <account> (lib/
  shape cases/F7-1.json:3852 [arn] every ARN on this line has its account field masked to <account> (lib/
  shape cases/F7-1.json:3853 [arn] every ARN on this line has its account field masked to <account> (lib/
  shape cases/F7-1.json:3854 [arn] every ARN on this line has its account field masked to <account> (lib/
  shape cases/F7-1.json:3855 [arn] every ARN on this line has its account field masked to <account> (lib/
  shape cases/F7-1.json:3856 [arn] every ARN on this line has its account field masked to <account> (lib/
  shape cases/F7-1.json:3857 [arn] every ARN on this line has its account field masked to <account> (lib/
  shape cases/F7-1.json:3858 [arn] every ARN on this line has its account field masked to <account> (lib/
  shape cases/F7-1.json:3859 [arn] every ARN on this line has its account field masked to <account> (lib/
  shape cases/F7-1.json:3860 [arn] every ARN on this line has its account field masked to <account> (lib/
  shape cases/F7-1.json:3861 [arn] every ARN on this line has its account field masked to <account> (lib/
  shape cases/F7-1.json:3862 [arn] every ARN on this line has its account field masked to <account> (lib/
  shape cases/F7-1.json:3863 [arn] every ARN on this line has its account field masked to <account> (lib/
  shape cases/F7-1.json:3878 [arn] every ARN on this line has its account field masked to <account> (lib/
  shape cases/F7-1.json:3879 [arn] every ARN on this line has its account field masked to <account> (lib/
  shape cases/F7-1.json:3880 [arn] every ARN on this line has its account field masked to <account> (lib/
  shape cases/F7-1.json:3881 [arn] every ARN on this line has its account field masked to <account> (lib/
  shape cases/F7-1.json:3882 [arn] every ARN on this line has its account field masked to <account> (lib/
  shape cases/F7-1.json:3883 [arn] every ARN on this line has its account field masked to <account> (lib/
  shape cases/F7-1.json:3884 [arn] every ARN on this line has its account field masked to <account> (lib/
  shape cases/F7-1.json:3885 [arn] every ARN on this line has its account field masked to <account> (lib/
  shape cases/F7-1.json:3886 [arn] every ARN on this line has its account field masked to <account> (lib/
  shape cases/F7-1.json:3887 [arn] every ARN on this line has its account field masked to <account> (lib/
  shape cases/F7-1.json:3888 [arn] every ARN on this line has its account field masked to <account> (lib/
  shape cases/F7-1.json:3889 [arn] every ARN on this line has its account field masked to <account> (lib/
  shape cases/F7-1.json:3890 [arn] every ARN on this line has its account field masked to <account> (lib/
  shape cases/F7-1.json:3891 [arn] every ARN on this line has its account field masked to <account> (lib/
  shape cases/F7-1.json:3892 [arn] every ARN on this line has its account field masked to <account> (lib/
  shape cases/F7-1.json:3893 [arn] every ARN on this line has its account field masked to <account> (lib/
  shape cases/F7-1.json:3894 [arn] every ARN on this line has its account field masked to <account> (lib/
  shape cases/F7-1.json:3895 [arn] every ARN on this line has its account field masked to <account> (lib/
  shape cases/F7-1.json:5013 [arn] every ARN on this line has its account field masked to <account> (lib/
  shape cases/F7-1.json:5015 [arn] every ARN on this line has its account field masked to <account> (lib/
  shape cases/F7-1.json:5016 [arn] every ARN on this line has its account field masked to <account> (lib/
  shape cases/F7-1.json:5017 [arn] every ARN on this line has its account field masked to <account> (lib/
  shape cases/F7-1.json:5018 [arn] every ARN on this line has its account field masked to <account> (lib/
  shape cases/F7-1.json:5019 [arn] every ARN on this line has its account field masked to <account> (lib/
  shape cases/F7-1.json:5020 [arn] every ARN on this line has its account field masked to <account> (lib/
  shape cases/F7-1.json:5021 [arn] every ARN on this line has its account field masked to <account> (lib/
  shape cases/F7-1.json:5048 [arn] every ARN on this line has its account field masked to <account> (lib/
  shape cases/F7-1.json:5050 [arn] every ARN on this line has its account field masked to <account> (lib/
  shape cases/F7-1.json:5051 [arn] every ARN on this line has its account field masked to <account> (lib/
  shape cases/F7-1.json:5052 [arn] every ARN on this line has its account field masked to <account> (lib/
  shape cases/F7-1.json:5053 [arn] every ARN on this line has its account field masked to <account> (lib/
  shape cases/F7-1.json:5054 [arn] every ARN on this line has its account field masked to <account> (lib/
  shape cases/F7-1.json:5055 [arn] every ARN on this line has its account field masked to <account> (lib/
  shape cases/F7-1.json:5056 [arn] every ARN on this line has its account field masked to <account> (lib/
  shape cases/F7-1.json:5654 [arn] every ARN on this line has its account field masked to <account> (lib/
  shape cases/F7-1.json:5655 [arn] every ARN on this line has its account field masked to <account> (lib/
  shape cases/F7-1.json:5656 [arn] every ARN on this line has its account field masked to <account> (lib/
  shape cases/F7-1.json:5657 [arn] every ARN on this line has its account field masked to <account> (lib/
  shape cases/F7-1.json:5658 [arn] every ARN on this line has its account field masked to <account> (lib/
  shape cases/F7-1.json:5659 [arn] every ARN on this line has its account field masked to <account> (lib/
  shape cases/F7-1.json:5660 [arn] every ARN on this line has its account field masked to <account> (lib/
  shape cases/F7-1.json:5661 [arn] every ARN on this line has its account field masked to <account> (lib/
  shape cases/F7-1.json:5662 [arn] every ARN on this line has its account field masked to <account> (lib/
  shape cases/F7-1.json:5663 [arn] every ARN on this line has its account field masked to <account> (lib/
  shape cases/F7-1.json:5664 [arn] every ARN on this line has its account field masked to <account> (lib/
  shape cases/F7-1.json:5665 [arn] every ARN on this line has its account field masked to <account> (lib/
  shape cases/F7-1.json:5666 [arn] every ARN on this line has its account field masked to <account> (lib/
  shape cases/F7-1.json:5667 [arn] every ARN on this line has its account field masked to <account> (lib/
  shape cases/F7-1.json:5668 [arn] every ARN on this line has its account field masked to <account> (lib/
  shape cases/F7-1.json:5669 [arn] every ARN on this line has its account field masked to <account> (lib/
  shape cases/F7-1.json:5670 [arn] every ARN on this line has its account field masked to <account> (lib/
  shape cases/F7-1.json:5671 [arn] every ARN on this line has its account field masked to <account> (lib/
  shape cases/F7-1.json:5672 [arn] every ARN on this line has its account field masked to <account> (lib/
  shape cases/F7-1.json:5673 [arn] every ARN on this line has its account field masked to <account> (lib/
  shape cases/F7-1.json:5722 [arn] every ARN on this line has its account field masked to <account> (lib/
  shape cases/F7-1.json:5723 [arn] every ARN on this line has its account field masked to <account> (lib/
  shape cases/F7-1.json:5724 [arn] every ARN on this line has its account field masked to <account> (lib/
  shape cases/F7-1.json:5725 [arn] every ARN on this line has its account field masked to <account> (lib/
  shape cases/F7-1.json:5726 [arn] every ARN on this line has its account field masked to <account> (lib/
  shape cases/F7-1.json:5727 [arn] every ARN on this line has its account field masked to <account> (lib/
  shape cases/F7-1.json:5728 [arn] every ARN on this line has its account field masked to <account> (lib/
  shape cases/F7-1.json:5729 [arn] every ARN on this line has its account field masked to <account> (lib/
  shape cases/F7-1.json:5730 [arn] every ARN on this line has its account field masked to <account> (lib/
  shape cases/F7-1.json:5731 [arn] every ARN on this line has its account field masked to <account> (lib/
  shape cases/F7-1.json:5732 [arn] every ARN on this line has its account field masked to <account> (lib/
  shape cases/F7-1.json:5733 [arn] every ARN on this line has its account field masked to <account> (lib/
  shape cases/F7-1.json:5734 [arn] every ARN on this line has its account field masked to <account> (lib/
  shape cases/F7-1.json:5735 [arn] every ARN on this line has its account field masked to <account> (lib/
  shape cases/F7-1.json:5736 [arn] every ARN on this line has its account field masked to <account> (lib/
  shape cases/F7-1.json:5737 [arn] every ARN on this line has its account field masked to <account> (lib/
  shape cases/F7-1.json:5738 [arn] every ARN on this line has its account field masked to <account> (lib/
  shape cases/F7-1.json:5739 [arn] every ARN on this line has its account field masked to <account> (lib/
  shape cases/F7-1.json:5740 [arn] every ARN on this line has its account field masked to <account> (lib/
  shape cases/F7-1.json:5741 [arn] every ARN on this line has its account field masked to <account> (lib/
  shape cases/F7-1.json:5742 [arn] every ARN on this line has its account field masked to <account> (lib/
  shape cases/F7-1.json:5743 [arn] every ARN on this line has its account field masked to <account> (lib/
  shape cases/F7-1.json:5744 [arn] every ARN on this line has its account field masked to <account> (lib/
  shape cases/F7-1.json:5745 [arn] every ARN on this line has its account field masked to <account> (lib/
  shape cases/F7-1.json:5746 [arn] every ARN on this line has its account field masked to <account> (lib/
  shape cases/F7-1.json:5747 [arn] every ARN on this line has its account field masked to <account> (lib/
  shape cases/F7-1.json:5749 [arn] every ARN on this line has its account field masked to <account> (lib/
  shape cases/F7-1.json:5750 [arn] every ARN on this line has its account field masked to <account> (lib/
  shape cases/F7-1.json:5751 [arn] every ARN on this line has its account field masked to <account> (lib/
  shape cases/F7-1.json:5752 [arn] every ARN on this line has its account field masked to <account> (lib/
  shape cases/F7-1.json:5753 [arn] every ARN on this line has its account field masked to <account> (lib/
  shape cases/F7-1.json:5754 [arn] every ARN on this line has its account field masked to <account> (lib/
  shape cases/F7-1.json:5755 [arn] every ARN on this line has its account field masked to <account> (lib/
  shape cases/F7-1.json:5756 [arn] every ARN on this line has its account field masked to <account> (lib/
  shape cases/F7-1.json:5782 [arn] every ARN on this line has its account field masked to <account> (lib/
  shape cases/F7-1.json:5783 [arn] every ARN on this line has its account field masked to <account> (lib/
  shape cases/F7-1.json:5784 [arn] every ARN on this line has its account field masked to <account> (lib/
  shape cases/F7-1.json:5785 [arn] every ARN on this line has its account field masked to <account> (lib/
  shape cases/F7-1.json:5786 [arn] every ARN on this line has its account field masked to <account> (lib/
  shape cases/F7-1.json:5787 [arn] every ARN on this line has its account field masked to <account> (lib/
  shape cases/F7-1.json:5788 [arn] every ARN on this line has its account field masked to <account> (lib/
  shape cases/F7-1.json:5789 [arn] every ARN on this line has its account field masked to <account> (lib/
  shape cases/F7-1.json:5790 [arn] every ARN on this line has its account field masked to <account> (lib/
  shape cases/F7-1.json:5791 [arn] every ARN on this line has its account field masked to <account> (lib/
  shape cases/F7-1.json:5792 [arn] every ARN on this line has its account field masked to <account> (lib/
  shape cases/F7-1.json:5793 [arn] every ARN on this line has its account field masked to <account> (lib/
  shape cases/F7-1.json:5794 [arn] every ARN on this line has its account field masked to <account> (lib/
  shape cases/F7-1.json:5795 [arn] every ARN on this line has its account field masked to <account> (lib/
  shape cases/F7-1.json:5796 [arn] every ARN on this line has its account field masked to <account> (lib/
  shape cases/F7-1.json:5797 [arn] every ARN on this line has its account field masked to <account> (lib/
  shape cases/F7-1.json:5798 [arn] every ARN on this line has its account field masked to <account> (lib/
  shape cases/F7-1.json:5799 [arn] every ARN on this line has its account field masked to <account> (lib/
  shape cases/F7-1.json:5800 [arn] every ARN on this line has its account field masked to <account> (lib/
  shape cases/F7-1.json:5801 [arn] every ARN on this line has its account field masked to <account> (lib/
  shape cases/F7-1.json:5802 [arn] every ARN on this line has its account field masked to <account> (lib/
  shape cases/F7-1.json:5803 [arn] every ARN on this line has its account field masked to <account> (lib/
  shape cases/F7-1.json:5804 [arn] every ARN on this line has its account field masked to <account> (lib/
  shape cases/F7-1.json:5805 [arn] every ARN on this line has its account field masked to <account> (lib/
  shape cases/F7-1.json:5806 [arn] every ARN on this line has its account field masked to <account> (lib/
  shape cases/F7-1.json:5807 [arn] every ARN on this line has its account field masked to <account> (lib/
  shape cases/F7-1.json:5809 [arn] every ARN on this line has its account field masked to <account> (lib/
  shape cases/F7-1.json:5810 [arn] every ARN on this line has its account field masked to <account> (lib/
  shape cases/F7-1.json:5811 [arn] every ARN on this line has its account field masked to <account> (lib/
  shape cases/F7-1.json:5812 [arn] every ARN on this line has its account field masked to <account> (lib/
  shape cases/F7-1.json:5813 [arn] every ARN on this line has its account field masked to <account> (lib/
  shape cases/F7-1.json:5814 [arn] every ARN on this line has its account field masked to <account> (lib/
  shape cases/F7-1.json:5815 [arn] every ARN on this line has its account field masked to <account> (lib/
  shape cases/F7-1.json:5816 [arn] every ARN on this line has its account field masked to <account> (lib/
  shape cases/F7-1.json:5817 [arn] every ARN on this line has its account field masked to <account> (lib/
  shape cases/F7-1.json:5818 [arn] every ARN on this line has its account field masked to <account> (lib/
  shape cases/F7-1.json:6029 [arn] every ARN on this line has its account field masked to <account> (lib/
  shape cases/F7-1.json:6030 [arn] every ARN on this line has its account field masked to <account> (lib/
  shape cases/F7-1.json:6031 [arn] every ARN on this line has its account field masked to <account> (lib/
  shape cases/F7-1.json:6032 [arn] every ARN on this line has its account field masked to <account> (lib/
  shape cases/F7-1.json:6033 [arn] every ARN on this line has its account field masked to <account> (lib/
  shape cases/F7-1.json:6034 [arn] every ARN on this line has its account field masked to <account> (lib/
  shape cases/F7-1.json:6035 [arn] every ARN on this line has its account field masked to <account> (lib/
  shape cases/F7-1.json:6036 [arn] every ARN on this line has its account field masked to <account> (lib/
  shape cases/F7-1.json:6037 [arn] every ARN on this line has its account field masked to <account> (lib/
  shape cases/F7-1.json:6038 [arn] every ARN on this line has its account field masked to <account> (lib/
  shape cases/F7-1.json:6039 [arn] every ARN on this line has its account field masked to <account> (lib/
  shape cases/F7-1.json:6040 [arn] every ARN on this line has its account field masked to <account> (lib/
  shape cases/F7-1.json:6041 [arn] every ARN on this line has its account field masked to <account> (lib/
  shape cases/F7-1.json:6042 [arn] every ARN on this line has its account field masked to <account> (lib/
  shape cases/F7-1.json:6043 [arn] every ARN on this line has its account field masked to <account> (lib/
  shape cases/F7-1.json:6044 [arn] every ARN on this line has its account field masked to <account> (lib/
  shape cases/F7-1.json:6045 [arn] every ARN on this line has its account field masked to <account> (lib/
  shape cases/F7-1.json:6046 [arn] every ARN on this line has its account field masked to <account> (lib/
  shape cases/F7-1.json:6047 [arn] every ARN on this line has its account field masked to <account> (lib/
  shape cases/F7-1.json:6048 [arn] every ARN on this line has its account field masked to <account> (lib/
  shape cases/F7-1.json:6049 [arn] every ARN on this line has its account field masked to <account> (lib/
  shape cases/F7-1.json:6050 [arn] every ARN on this line has its account field masked to <account> (lib/
  shape cases/F7-1.json:6080 [arn] every ARN on this line has its account field masked to <account> (lib/
  shape cases/F7-1.json:6081 [arn] every ARN on this line has its account field masked to <account> (lib/
  shape cases/F7-1.json:6082 [arn] every ARN on this line has its account field masked to <account> (lib/
  shape cases/F7-1.json:6083 [arn] every ARN on this line has its account field masked to <account> (lib/
  shape cases/F7-1.json:6084 [arn] every ARN on this line has its account field masked to <account> (lib/
  shape cases/F7-1.json:6085 [arn] every ARN on this line has its account field masked to <account> (lib/
  shape cases/F7-1.json:6086 [arn] every ARN on this line has its account field masked to <account> (lib/
  shape cases/F7-1.json:6087 [arn] every ARN on this line has its account field masked to <account> (lib/
  shape cases/F7-1.json:6088 [arn] every ARN on this line has its account field masked to <account> (lib/
  shape cases/F7-1.json:6091 [arn] every ARN on this line has its account field masked to <account> (lib/
  shape cases/F7-1.json:6093 [arn] every ARN on this line has its account field masked to <account> (lib/
  shape cases/F7-1.json:6095 [arn] every ARN on this line has its account field masked to <account> (lib/
  shape cases/F7-1.json:6096 [arn] every ARN on this line has its account field masked to <account> (lib/
  shape cases/F7-1.json:6097 [arn] every ARN on this line has its account field masked to <account> (lib/
  shape cases/F7-1.json:6098 [arn] every ARN on this line has its account field masked to <account> (lib/
  shape cases/F7-1.json:6099 [arn] every ARN on this line has its account field masked to <account> (lib/
  shape cases/F7-1.json:6100 [arn] every ARN on this line has its account field masked to <account> (lib/
  shape cases/F7-1.json:6101 [arn] every ARN on this line has its account field masked to <account> (lib/
  shape cases/F7-1.json:6102 [arn] every ARN on this line has its account field masked to <account> (lib/
  shape cases/F7-1.json:6103 [arn] every ARN on this line has its account field masked to <account> (lib/
  shape cases/F7-1.json:6104 [arn] every ARN on this line has its account field masked to <account> (lib/
  shape cases/F7-1.json:6106 [arn] every ARN on this line has its account field masked to <account> (lib/
  shape cases/F7-1.json:6108 [arn] every ARN on this line has its account field masked to <account> (lib/
  shape cases/F7-1.json:6110 [arn] every ARN on this line has its account field masked to <account> (lib/
  shape cases/F7-1.json:6167 [arn] every ARN on this line has its account field masked to <account> (lib/
  shape cases/F7-1.json:6168 [arn] every ARN on this line has its account field masked to <account> (lib/
  shape cases/F7-1.json:6169 [arn] every ARN on this line has its account field masked to <account> (lib/
  shape cases/F7-1.json:6170 [arn] every ARN on this line has its account field masked to <account> (lib/
  shape cases/F7-1.json:6171 [arn] every ARN on this line has its account field masked to <account> (lib/
  shape cases/F7-1.json:6172 [arn] every ARN on this line has its account field masked to <account> (lib/
  shape cases/F7-1.json:6173 [arn] every ARN on this line has its account field masked to <account> (lib/
  shape cases/F7-1.json:6174 [arn] every ARN on this line has its account field masked to <account> (lib/
  shape cases/F7-1.json:6175 [arn] every ARN on this line has its account field masked to <account> (lib/
  shape cases/F7-1.json:6176 [arn] every ARN on this line has its account field masked to <account> (lib/
  shape cases/F7-1.json:6177 [arn] every ARN on this line has its account field masked to <account> (lib/
  shape cases/F7-1.json:6178 [arn] every ARN on this line has its account field masked to <account> (lib/
  shape cases/F7-1.json:6179 [arn] every ARN on this line has its account field masked to <account> (lib/
  shape cases/F7-1.json:6180 [arn] every ARN on this line has its account field masked to <account> (lib/
  shape cases/F7-1.json:6181 [arn] every ARN on this line has its account field masked to <account> (lib/
  shape cases/F7-1.json:6182 [arn] every ARN on this line has its account field masked to <account> (lib/
  shape cases/F7-1.json:6183 [arn] every ARN on this line has its account field masked to <account> (lib/
  shape cases/F7-1.json:6184 [arn] every ARN on this line has its account field masked to <account> (lib/
  shape cases/F7-1.json:6185 [arn] every ARN on this line has its account field masked to <account> (lib/
  shape cases/F7-1.json:6186 [arn] every ARN on this line has its account field masked to <account> (lib/
  shape cases/F7-1.json:6187 [arn] every ARN on this line has its account field masked to <account> (lib/
  shape cases/F7-1.json:6188 [arn] every ARN on this line has its account field masked to <account> (lib/
  shape cases/F7-1.json:6246 [arn] every ARN on this line has its account field masked to <account> (lib/
  shape cases/F7-1.json:6253 [arn] every ARN on this line has its account field masked to <account> (lib/
  shape cases/F7-1.json:6254 [arn] every ARN on this line has its account field masked to <account> (lib/
  shape cases/F7-1.json:6255 [arn] every ARN on this line has its account field masked to <account> (lib/
  shape cases/F7-1.json:6256 [arn] every ARN on this line has its account field masked to <account> (lib/
  shape cases/F7-1.json:6257 [arn] every ARN on this line has its account field masked to <account> (lib/
  shape cases/F7-1.json:6258 [arn] every ARN on this line has its account field masked to <account> (lib/
  shape cases/F7-1.json:6259 [arn] every ARN on this line has its account field masked to <account> (lib/
  shape cases/F7-1.json:6260 [arn] every ARN on this line has its account field masked to <account> (lib/
  shape cases/F7-1.json:6261 [arn] every ARN on this line has its account field masked to <account> (lib/
  shape cases/F7-1.json:6262 [arn] every ARN on this line has its account field masked to <account> (lib/
  shape cases/F7-1.json:6263 [arn] every ARN on this line has its account field masked to <account> (lib/
  shape cases/F7-1.json:6264 [arn] every ARN on this line has its account field masked to <account> (lib/
  shape cases/F7-1.json:6265 [arn] every ARN on this line has its account field masked to <account> (lib/
  shape cases/F7-1.json:6266 [arn] every ARN on this line has its account field masked to <account> (lib/
  shape cases/F7-1.json:6267 [arn] every ARN on this line has its account field masked to <account> (lib/
  shape cases/F7-1.json:6268 [arn] every ARN on this line has its account field masked to <account> (lib/
  shape cases/F7-1.json:6269 [arn] every ARN on this line has its account field masked to <account> (lib/
  shape cases/F7-1.json:6270 [arn] every ARN on this line has its account field masked to <account> (lib/
  shape cases/F7-1.json:6271 [arn] every ARN on this line has its account field masked to <account> (lib/
  shape cases/F7-1.json:6272 [arn] every ARN on this line has its account field masked to <account> (lib/
  shape cases/F7-2.json:382 [arn] every ARN on this line has its account field masked to <account> (lib/
  shape cases/F7-2.json:384 [arn] every ARN on this line has its account field masked to <account> (lib/
  shape cases/F7-2.json:385 [arn] every ARN on this line has its account field masked to <account> (lib/
  shape cases/F7-2.json:386 [arn] every ARN on this line has its account field masked to <account> (lib/
  shape cases/F7-2.json:387 [arn] every ARN on this line has its account field masked to <account> (lib/
  shape cases/F7-2.json:388 [arn] every ARN on this line has its account field masked to <account> (lib/
  shape cases/F7-2.json:389 [arn] every ARN on this line has its account field masked to <account> (lib/
  shape cases/F7-2.json:390 [arn] every ARN on this line has its account field masked to <account> (lib/
  shape cases/F7-2.json:417 [arn] every ARN on this line has its account field masked to <account> (lib/
  shape cases/F7-2.json:419 [arn] every ARN on this line has its account field masked to <account> (lib/
  shape cases/F7-2.json:420 [arn] every ARN on this line has its account field masked to <account> (lib/
  shape cases/F7-2.json:421 [arn] every ARN on this line has its account field masked to <account> (lib/
  shape cases/F7-2.json:422 [arn] every ARN on this line has its account field masked to <account> (lib/
  shape cases/F7-2.json:423 [arn] every ARN on this line has its account field masked to <account> (lib/
  shape cases/F7-2.json:424 [arn] every ARN on this line has its account field masked to <account> (lib/
  shape cases/F7-2.json:425 [arn] every ARN on this line has its account field masked to <account> (lib/
  shape cases/F7-2.json:1017 [arn] every ARN on this line has its account field masked to <account> (lib/
  shape cases/F7-2.json:1018 [arn] every ARN on this line has its account field masked to <account> (lib/
  shape cases/F7-2.json:1019 [arn] every ARN on this line has its account field masked to <account> (lib/
  shape cases/F7-2.json:1020 [arn] every ARN on this line has its account field masked to <account> (lib/
  shape cases/F7-2.json:1021 [arn] every ARN on this line has its account field masked to <account> (lib/
  shape cases/F7-2.json:1022 [arn] every ARN on this line has its account field masked to <account> (lib/
  shape cases/F7-2.json:1023 [arn] every ARN on this line has its account field masked to <account> (lib/
  shape cases/F7-2.json:1024 [arn] every ARN on this line has its account field masked to <account> (lib/
  shape cases/F7-2.json:1025 [arn] every ARN on this line has its account field masked to <account> (lib/
  shape cases/F7-2.json:1026 [arn] every ARN on this line has its account field masked to <account> (lib/
  shape cases/F7-2.json:1027 [arn] every ARN on this line has its account field masked to <account> (lib/
  shape cases/F7-2.json:1028 [arn] every ARN on this line has its account field masked to <account> (lib/
  shape cases/F7-2.json:1029 [arn] every ARN on this line has its account field masked to <account> (lib/
  shape cases/F7-2.json:1030 [arn] every ARN on this line has its account field masked to <account> (lib/
  shape cases/F7-2.json:1031 [arn] every ARN on this line has its account field masked to <account> (lib/
  shape cases/F7-2.json:1032 [arn] every ARN on this line has its account field masked to <account> (lib/
  shape cases/F7-2.json:1033 [arn] every ARN on this line has its account field masked to <account> (lib/
  shape cases/F7-2.json:1034 [arn] every ARN on this line has its account field masked to <account> (lib/
  shape cases/F7-2.json:1035 [arn] every ARN on this line has its account field masked to <account> (lib/
  shape cases/F7-2.json:1036 [arn] every ARN on this line has its account field masked to <account> (lib/
  shape cases/F7-2.json:1084 [arn] every ARN on this line has its account field masked to <account> (lib/
  shape cases/F7-2.json:1085 [arn] every ARN on this line has its account field masked to <account> (lib/
  shape cases/F7-2.json:1086 [arn] every ARN on this line has its account field masked to <account> (lib/
  shape cases/F7-2.json:1087 [arn] every ARN on this line has its account field masked to <account> (lib/
  shape cases/F7-2.json:1088 [arn] every ARN on this line has its account field masked to <account> (lib/
  shape cases/F7-2.json:1089 [arn] every ARN on this line has its account field masked to <account> (lib/
  shape cases/F7-2.json:1090 [arn] every ARN on this line has its account field masked to <account> (lib/
  shape cases/F7-2.json:1091 [arn] every ARN on this line has its account field masked to <account> (lib/
  shape cases/F7-2.json:1092 [arn] every ARN on this line has its account field masked to <account> (lib/
  shape cases/F7-2.json:1093 [arn] every ARN on this line has its account field masked to <account> (lib/
  shape cases/F7-2.json:1094 [arn] every ARN on this line has its account field masked to <account> (lib/
  shape cases/F7-2.json:1095 [arn] every ARN on this line has its account field masked to <account> (lib/
  shape cases/F7-2.json:1096 [arn] every ARN on this line has its account field masked to <account> (lib/
  shape cases/F7-2.json:1097 [arn] every ARN on this line has its account field masked to <account> (lib/
  shape cases/F7-2.json:1098 [arn] every ARN on this line has its account field masked to <account> (lib/
  shape cases/F7-2.json:1099 [arn] every ARN on this line has its account field masked to <account> (lib/
  shape cases/F7-2.json:1100 [arn] every ARN on this line has its account field masked to <account> (lib/
  shape cases/F7-2.json:1101 [arn] every ARN on this line has its account field masked to <account> (lib/
  shape cases/F7-2.json:1102 [arn] every ARN on this line has its account field masked to <account> (lib/
  shape cases/F7-2.json:1103 [arn] every ARN on this line has its account field masked to <account> (lib/
  shape cases/F7-2.json:1104 [arn] every ARN on this line has its account field masked to <account> (lib/
  shape cases/F7-2.json:1105 [arn] every ARN on this line has its account field masked to <account> (lib/
  shape cases/F7-2.json:1106 [arn] every ARN on this line has its account field masked to <account> (lib/
  shape cases/F7-2.json:1107 [arn] every ARN on this line has its account field masked to <account> (lib/
  shape cases/F7-2.json:1108 [arn] every ARN on this line has its account field masked to <account> (lib/
  shape cases/F7-2.json:1109 [arn] every ARN on this line has its account field masked to <account> (lib/
  shape cases/F7-2.json:1111 [arn] every ARN on this line has its account field masked to <account> (lib/
  shape cases/F7-2.json:1112 [arn] every ARN on this line has its account field masked to <account> (lib/
  shape cases/F7-2.json:1113 [arn] every ARN on this line has its account field masked to <account> (lib/
  shape cases/F7-2.json:1114 [arn] every ARN on this line has its account field masked to <account> (lib/
  shape cases/F7-2.json:1115 [arn] every ARN on this line has its account field masked to <account> (lib/
  shape cases/F7-2.json:1116 [arn] every ARN on this line has its account field masked to <account> (lib/
  shape cases/F7-2.json:1117 [arn] every ARN on this line has its account field masked to <account> (lib/
  shape cases/F7-2.json:1118 [arn] every ARN on this line has its account field masked to <account> (lib/
  shape cases/F7-2.json:1143 [arn] every ARN on this line has its account field masked to <account> (lib/
  shape cases/F7-2.json:1144 [arn] every ARN on this line has its account field masked to <account> (lib/
  shape cases/F7-2.json:1145 [arn] every ARN on this line has its account field masked to <account> (lib/
  shape cases/F7-2.json:1146 [arn] every ARN on this line has its account field masked to <account> (lib/
  shape cases/F7-2.json:1147 [arn] every ARN on this line has its account field masked to <account> (lib/
  shape cases/F7-2.json:1148 [arn] every ARN on this line has its account field masked to <account> (lib/
  shape cases/F7-2.json:1149 [arn] every ARN on this line has its account field masked to <account> (lib/
  shape cases/F7-2.json:1150 [arn] every ARN on this line has its account field masked to <account> (lib/
  shape cases/F7-2.json:1151 [arn] every ARN on this line has its account field masked to <account> (lib/
  shape cases/F7-2.json:1152 [arn] every ARN on this line has its account field masked to <account> (lib/
  shape cases/F7-2.json:1153 [arn] every ARN on this line has its account field masked to <account> (lib/
  shape cases/F7-2.json:1154 [arn] every ARN on this line has its account field masked to <account> (lib/
  shape cases/F7-2.json:1155 [arn] every ARN on this line has its account field masked to <account> (lib/
  shape cases/F7-2.json:1156 [arn] every ARN on this line has its account field masked to <account> (lib/
  shape cases/F7-2.json:1157 [arn] every ARN on this line has its account field masked to <account> (lib/
  shape cases/F7-2.json:1158 [arn] every ARN on this line has its account field masked to <account> (lib/
  shape cases/F7-2.json:1159 [arn] every ARN on this line has its account field masked to <account> (lib/
  shape cases/F7-2.json:1160 [arn] every ARN on this line has its account field masked to <account> (lib/
  shape cases/F7-2.json:1161 [arn] every ARN on this line has its account field masked to <account> (lib/
  shape cases/F7-2.json:1162 [arn] every ARN on this line has its account field masked to <account> (lib/
  shape cases/F7-2.json:1163 [arn] every ARN on this line has its account field masked to <account> (lib/
  shape cases/F7-2.json:1164 [arn] every ARN on this line has its account field masked to <account> (lib/
  shape cases/F7-2.json:1165 [arn] every ARN on this line has its account field masked to <account> (lib/
  shape cases/F7-2.json:1166 [arn] every ARN on this line has its account field masked to <account> (lib/
  shape cases/F7-2.json:1167 [arn] every ARN on this line has its account field masked to <account> (lib/
  shape cases/F7-2.json:1168 [arn] every ARN on this line has its account field masked to <account> (lib/
  shape cases/F7-2.json:1170 [arn] every ARN on this line has its account field masked to <account> (lib/
  shape cases/F7-2.json:1171 [arn] every ARN on this line has its account field masked to <account> (lib/
  shape cases/F7-2.json:1172 [arn] every ARN on this line has its account field masked to <account> (lib/
  shape cases/F7-2.json:1173 [arn] every ARN on this line has its account field masked to <account> (lib/
  shape cases/F7-2.json:1174 [arn] every ARN on this line has its account field masked to <account> (lib/
  shape cases/F7-2.json:1175 [arn] every ARN on this line has its account field masked to <account> (lib/
  shape cases/F7-2.json:1176 [arn] every ARN on this line has its account field masked to <account> (lib/
  shape cases/F7-2.json:1177 [arn] every ARN on this line has its account field masked to <account> (lib/
  shape cases/F7-2.json:1178 [arn] every ARN on this line has its account field masked to <account> (lib/
  shape cases/F7-2.json:1179 [arn] every ARN on this line has its account field masked to <account> (lib/
  shape cases/F7-2.json:1388 [arn] every ARN on this line has its account field masked to <account> (lib/
  shape cases/F7-2.json:1389 [arn] every ARN on this line has its account field masked to <account> (lib/
  shape cases/F7-2.json:1390 [arn] every ARN on this line has its account field masked to <account> (lib/
  shape cases/F7-2.json:1391 [arn] every ARN on this line has its account field masked to <account> (lib/
  shape cases/F7-2.json:1392 [arn] every ARN on this line has its account field masked to <account> (lib/
  shape cases/F7-2.json:1393 [arn] every ARN on this line has its account field masked to <account> (lib/
  shape cases/F7-2.json:1394 [arn] every ARN on this line has its account field masked to <account> (lib/
  shape cases/F7-2.json:1395 [arn] every ARN on this line has its account field masked to <account> (lib/
  shape cases/F7-2.json:1396 [arn] every ARN on this line has its account field masked to <account> (lib/
  shape cases/F7-2.json:1397 [arn] every ARN on this line has its account field masked to <account> (lib/
  shape cases/F7-2.json:1398 [arn] every ARN on this line has its account field masked to <account> (lib/
  shape cases/F7-2.json:1399 [arn] every ARN on this line has its account field masked to <account> (lib/
  shape cases/F7-2.json:1400 [arn] every ARN on this line has its account field masked to <account> (lib/
  shape cases/F7-2.json:1401 [arn] every ARN on this line has its account field masked to <account> (lib/
  shape cases/F7-2.json:1402 [arn] every ARN on this line has its account field masked to <account> (lib/
  shape cases/F7-2.json:1403 [arn] every ARN on this line has its account field masked to <account> (lib/
  shape cases/F7-2.json:1404 [arn] every ARN on this line has its account field masked to <account> (lib/
  shape cases/F7-2.json:1405 [arn] every ARN on this line has its account field masked to <account> (lib/
  shape cases/F7-2.json:1406 [arn] every ARN on this line has its account field masked to <account> (lib/
  shape cases/F7-2.json:1407 [arn] every ARN on this line has its account field masked to <account> (lib/
  shape cases/F7-2.json:1408 [arn] every ARN on this line has its account field masked to <account> (lib/
  shape cases/F7-2.json:1409 [arn] every ARN on this line has its account field masked to <account> (lib/
  shape cases/F7-2.json:1437 [arn] every ARN on this line has its account field masked to <account> (lib/
  shape cases/F7-2.json:1438 [arn] every ARN on this line has its account field masked to <account> (lib/
  shape cases/F7-2.json:1439 [arn] every ARN on this line has its account field masked to <account> (lib/
  shape cases/F7-2.json:1440 [arn] every ARN on this line has its account field masked to <account> (lib/
  shape cases/F7-2.json:1441 [arn] every ARN on this line has its account field masked to <account> (lib/
  shape cases/F7-2.json:1442 [arn] every ARN on this line has its account field masked to <account> (lib/
  shape cases/F7-2.json:1443 [arn] every ARN on this line has its account field masked to <account> (lib/
  shape cases/F7-2.json:1444 [arn] every ARN on this line has its account field masked to <account> (lib/
  shape cases/F7-2.json:1445 [arn] every ARN on this line has its account field masked to <account> (lib/
  shape cases/F7-2.json:1448 [arn] every ARN on this line has its account field masked to <account> (lib/
  shape cases/F7-2.json:1450 [arn] every ARN on this line has its account field masked to <account> (lib/
  shape cases/F7-2.json:1452 [arn] every ARN on this line has its account field masked to <account> (lib/
  shape cases/F7-2.json:1453 [arn] every ARN on this line has its account field masked to <account> (lib/
  shape cases/F7-2.json:1454 [arn] every ARN on this line has its account field masked to <account> (lib/
  shape cases/F7-2.json:1455 [arn] every ARN on this line has its account field masked to <account> (lib/
  shape cases/F7-2.json:1456 [arn] every ARN on this line has its account field masked to <account> (lib/
  shape cases/F7-2.json:1457 [arn] every ARN on this line has its account field masked to <account> (lib/
  shape cases/F7-2.json:1458 [arn] every ARN on this line has its account field masked to <account> (lib/
  shape cases/F7-2.json:1459 [arn] every ARN on this line has its account field masked to <account> (lib/
  shape cases/F7-2.json:1460 [arn] every ARN on this line has its account field masked to <account> (lib/
  shape cases/F7-2.json:1461 [arn] every ARN on this line has its account field masked to <account> (lib/
  shape cases/F7-2.json:1463 [arn] every ARN on this line has its account field masked to <account> (lib/
  shape cases/F7-2.json:1465 [arn] every ARN on this line has its account field masked to <account> (lib/
  shape cases/F7-2.json:1467 [arn] every ARN on this line has its account field masked to <account> (lib/
  shape cases/F7-2.json:1522 [arn] every ARN on this line has its account field masked to <account> (lib/
  shape cases/F7-2.json:1523 [arn] every ARN on this line has its account field masked to <account> (lib/
  shape cases/F7-2.json:1524 [arn] every ARN on this line has its account field masked to <account> (lib/
  shape cases/F7-2.json:1525 [arn] every ARN on this line has its account field masked to <account> (lib/
  shape cases/F7-2.json:1526 [arn] every ARN on this line has its account field masked to <account> (lib/
  shape cases/F7-2.json:1527 [arn] every ARN on this line has its account field masked to <account> (lib/
  shape cases/F7-2.json:1528 [arn] every ARN on this line has its account field masked to <account> (lib/
  shape cases/F7-2.json:1529 [arn] every ARN on this line has its account field masked to <account> (lib/
  shape cases/F7-2.json:1530 [arn] every ARN on this line has its account field masked to <account> (lib/
  shape cases/F7-2.json:1531 [arn] every ARN on this line has its account field masked to <account> (lib/
  shape cases/F7-2.json:1532 [arn] every ARN on this line has its account field masked to <account> (lib/
  shape cases/F7-2.json:1533 [arn] every ARN on this line has its account field masked to <account> (lib/
  shape cases/F7-2.json:1534 [arn] every ARN on this line has its account field masked to <account> (lib/
  shape cases/F7-2.json:1535 [arn] every ARN on this line has its account field masked to <account> (lib/
  shape cases/F7-2.json:1536 [arn] every ARN on this line has its account field masked to <account> (lib/
  shape cases/F7-2.json:1537 [arn] every ARN on this line has its account field masked to <account> (lib/
  shape cases/F7-2.json:1538 [arn] every ARN on this line has its account field masked to <account> (lib/
  shape cases/F7-2.json:1539 [arn] every ARN on this line has its account field masked to <account> (lib/
  shape cases/F7-2.json:1540 [arn] every ARN on this line has its account field masked to <account> (lib/
  shape cases/F7-2.json:1541 [arn] every ARN on this line has its account field masked to <account> (lib/
  shape cases/F7-2.json:1542 [arn] every ARN on this line has its account field masked to <account> (lib/
  shape cases/F7-2.json:1543 [arn] every ARN on this line has its account field masked to <account> (lib/
  shape cases/F7-2.json:1599 [arn] every ARN on this line has its account field masked to <account> (lib/
  shape cases/F7-2.json:1606 [arn] every ARN on this line has its account field masked to <account> (lib/
  shape cases/F7-2.json:1607 [arn] every ARN on this line has its account field masked to <account> (lib/
  shape cases/F7-2.json:1608 [arn] every ARN on this line has its account field masked to <account> (lib/
  shape cases/F7-2.json:1609 [arn] every ARN on this line has its account field masked to <account> (lib/
  shape cases/F7-2.json:1610 [arn] every ARN on this line has its account field masked to <account> (lib/
  shape cases/F7-2.json:1611 [arn] every ARN on this line has its account field masked to <account> (lib/
  shape cases/F7-2.json:1612 [arn] every ARN on this line has its account field masked to <account> (lib/
  shape cases/F7-2.json:1613 [arn] every ARN on this line has its account field masked to <account> (lib/
  shape cases/F7-2.json:1614 [arn] every ARN on this line has its account field masked to <account> (lib/
  shape cases/F7-2.json:1615 [arn] every ARN on this line has its account field masked to <account> (lib/
  shape cases/F7-2.json:1616 [arn] every ARN on this line has its account field masked to <account> (lib/
  shape cases/F7-2.json:1617 [arn] every ARN on this line has its account field masked to <account> (lib/
  shape cases/F7-2.json:1618 [arn] every ARN on this line has its account field masked to <account> (lib/
  shape cases/F7-2.json:1619 [arn] every ARN on this line has its account field masked to <account> (lib/
  shape cases/F7-2.json:1620 [arn] every ARN on this line has its account field masked to <account> (lib/
  shape cases/F7-2.json:1621 [arn] every ARN on this line has its account field masked to <account> (lib/
  shape cases/F7-2.json:1622 [arn] every ARN on this line has its account field masked to <account> (lib/
  shape cases/F7-2.json:1623 [arn] every ARN on this line has its account field masked to <account> (lib/
  shape cases/F7-2.json:1624 [arn] every ARN on this line has its account field masked to <account> (lib/
  shape cases/F7-2.json:1625 [arn] every ARN on this line has its account field masked to <account> (lib/
  shape cases/F7-2.json:1789 [arn] every ARN on this line has its account field masked to <account> (lib/
  shape cases/F7-2.json:1790 [arn] every ARN on this line has its account field masked to <account> (lib/
  shape cases/F7-2.json:1791 [arn] every ARN on this line has its account field masked to <account> (lib/
  shape cases/F7-2.json:1792 [arn] every ARN on this line has its account field masked to <account> (lib/
  shape cases/F7-2.json:1793 [arn] every ARN on this line has its account field masked to <account> (lib/
  shape cases/F7-2.json:1794 [arn] every ARN on this line has its account field masked to <account> (lib/
  shape cases/F7-2.json:1795 [arn] every ARN on this line has its account field masked to <account> (lib/
  shape cases/F7-2.json:1796 [arn] every ARN on this line has its account field masked to <account> (lib/
  shape cases/F7-2.json:1797 [arn] every ARN on this line has its account field masked to <account> (lib/
  shape cases/F7-2.json:1798 [arn] every ARN on this line has its account field masked to <account> (lib/
  shape cases/F7-2.json:1799 [arn] every ARN on this line has its account field masked to <account> (lib/
  shape cases/F7-2.json:1800 [arn] every ARN on this line has its account field masked to <account> (lib/
  shape cases/F7-2.json:1801 [arn] every ARN on this line has its account field masked to <account> (lib/
  shape cases/F7-2.json:1802 [arn] every ARN on this line has its account field masked to <account> (lib/
  shape cases/F7-2.json:1803 [arn] every ARN on this line has its account field masked to <account> (lib/
  shape cases/F7-2.json:1804 [arn] every ARN on this line has its account field masked to <account> (lib/
  shape cases/F7-2.json:1805 [arn] every ARN on this line has its account field masked to <account> (lib/
  shape cases/F7-2.json:1842 [arn] every ARN on this line has its account field masked to <account> (lib/
  shape cases/F7-2.json:1843 [arn] every ARN on this line has its account field masked to <account> (lib/
  shape cases/F7-2.json:1844 [arn] every ARN on this line has its account field masked to <account> (lib/
  shape cases/F7-2.json:1845 [arn] every ARN on this line has its account field masked to <account> (lib/
  shape cases/F7-2.json:1846 [arn] every ARN on this line has its account field masked to <account> (lib/
  shape cases/F7-2.json:1847 [arn] every ARN on this line has its account field masked to <account> (lib/
  shape cases/F7-2.json:1848 [arn] every ARN on this line has its account field masked to <account> (lib/
  shape cases/F7-2.json:1849 [arn] every ARN on this line has its account field masked to <account> (lib/
  shape cases/F7-2.json:1850 [arn] every ARN on this line has its account field masked to <account> (lib/
  shape cases/F7-2.json:1851 [arn] every ARN on this line has its account field masked to <account> (lib/
  shape cases/F7-2.json:1893 [arn] every ARN on this line has its account field masked to <account> (lib/
  shape cases/F7-2.json:1894 [arn] every ARN on this line has its account field masked to <account> (lib/
  shape cases/F7-2.json:1895 [arn] every ARN on this line has its account field masked to <account> (lib/
  shape cases/F7-2.json:1896 [arn] every ARN on this line has its account field masked to <account> (lib/
  shape cases/F7-2.json:1897 [arn] every ARN on this line has its account field masked to <account> (lib/
  shape cases/F7-2.json:1898 [arn] every ARN on this line has its account field masked to <account> (lib/
  shape cases/F7-2.json:1899 [arn] every ARN on this line has its account field masked to <account> (lib/
  shape cases/F7-2.json:1900 [arn] every ARN on this line has its account field masked to <account> (lib/
  shape cases/F7-2.json:1901 [arn] every ARN on this line has its account field masked to <account> (lib/
  shape cases/F7-2.json:1902 [arn] every ARN on this line has its account field masked to <account> (lib/
  shape cases/F7-2.json:1903 [arn] every ARN on this line has its account field masked to <account> (lib/
  shape cases/F7-2.json:1904 [arn] every ARN on this line has its account field masked to <account> (lib/
  shape cases/F7-2.json:1905 [arn] every ARN on this line has its account field masked to <account> (lib/
  shape cases/F7-2.json:1906 [arn] every ARN on this line has its account field masked to <account> (lib/
  shape cases/F7-2.json:1907 [arn] every ARN on this line has its account field masked to <account> (lib/
  shape cases/F7-2.json:1908 [arn] every ARN on this line has its account field masked to <account> (lib/
  shape cases/F7-2.json:1909 [arn] every ARN on this line has its account field masked to <account> (lib/
  shape cases/F7-2.json:2024 [arn] every ARN on this line has its account field masked to <account> (lib/
  shape cases/F7-2.json:2025 [arn] every ARN on this line has its account field masked to <account> (lib/
  shape cases/F7-2.json:2026 [arn] every ARN on this line has its account field masked to <account> (lib/
  shape cases/F7-2.json:2027 [arn] every ARN on this line has its account field masked to <account> (lib/
  shape cases/F7-2.json:2028 [arn] every ARN on this line has its account field masked to <account> (lib/
  shape cases/F7-2.json:2029 [arn] every ARN on this line has its account field masked to <account> (lib/
  shape cases/F7-2.json:2030 [arn] every ARN on this line has its account field masked to <account> (lib/
  shape cases/F7-2.json:2031 [arn] every ARN on this line has its account field masked to <account> (lib/
  shape cases/F7-2.json:2032 [arn] every ARN on this line has its account field masked to <account> (lib/
  shape cases/F7-2.json:2033 [arn] every ARN on this line has its account field masked to <account> (lib/
  shape cases/F7-2.json:2034 [arn] every ARN on this line has its account field masked to <account> (lib/
  shape cases/F7-2.json:2035 [arn] every ARN on this line has its account field masked to <account> (lib/
  shape cases/F7-2.json:2036 [arn] every ARN on this line has its account field masked to <account> (lib/
  shape cases/F7-2.json:2037 [arn] every ARN on this line has its account field masked to <account> (lib/
  shape cases/F7-2.json:2038 [arn] every ARN on this line has its account field masked to <account> (lib/
  shape cases/F7-2.json:2039 [arn] every ARN on this line has its account field masked to <account> (lib/
  shape cases/F7-2.json:2040 [arn] every ARN on this line has its account field masked to <account> (lib/
  shape cases/F7-2.json:2041 [arn] every ARN on this line has its account field masked to <account> (lib/
  shape cases/F7-2.json:2042 [arn] every ARN on this line has its account field masked to <account> (lib/
  shape cases/F7-2.json:2043 [arn] every ARN on this line has its account field masked to <account> (lib/
  shape cases/F7-2.json:2044 [arn] every ARN on this line has its account field masked to <account> (lib/
  shape cases/F7-2.json:2045 [arn] every ARN on this line has its account field masked to <account> (lib/
  shape cases/F7-2.json:2046 [arn] every ARN on this line has its account field masked to <account> (lib/
  shape cases/F7-2.json:2047 [arn] every ARN on this line has its account field masked to <account> (lib/
  shape cases/F7-2.json:2048 [arn] every ARN on this line has its account field masked to <account> (lib/
  shape cases/F7-2.json:2049 [arn] every ARN on this line has its account field masked to <account> (lib/
  shape cases/F7-2.json:2070 [arn] every ARN on this line has its account field masked to <account> (lib/
  shape cases/F7-2.json:2071 [arn] every ARN on this line has its account field masked to <account> (lib/
  shape cases/F7-2.json:2072 [arn] every ARN on this line has its account field masked to <account> (lib/
  shape cases/F7-2.json:2073 [arn] every ARN on this line has its account field masked to <account> (lib/
  shape cases/F7-2.json:2074 [arn] every ARN on this line has its account field masked to <account> (lib/
  shape cases/F7-2.json:2075 [arn] every ARN on this line has its account field masked to <account> (lib/
  shape cases/F7-2.json:2076 [arn] every ARN on this line has its account field masked to <account> (lib/
  shape cases/F7-2.json:2077 [arn] every ARN on this line has its account field masked to <account> (lib/
  shape cases/F7-2.json:2078 [arn] every ARN on this line has its account field masked to <account> (lib/
  shape cases/F7-2.json:2079 [arn] every ARN on this line has its account field masked to <account> (lib/
  shape cases/F7-2.json:2080 [arn] every ARN on this line has its account field masked to <account> (lib/
  shape cases/F7-2.json:2081 [arn] every ARN on this line has its account field masked to <account> (lib/
  shape cases/F7-2.json:2082 [arn] every ARN on this line has its account field masked to <account> (lib/
  shape cases/F7-2.json:2083 [arn] every ARN on this line has its account field masked to <account> (lib/
  shape cases/F7-2.json:2084 [arn] every ARN on this line has its account field masked to <account> (lib/
  shape cases/F7-2.json:2085 [arn] every ARN on this line has its account field masked to <account> (lib/
  shape cases/F7-2.json:2086 [arn] every ARN on this line has its account field masked to <account> (lib/
  shape cases/F7-2.json:2125 [arn] every ARN on this line has its account field masked to <account> (lib/
  shape cases/F7-2.json:2126 [arn] every ARN on this line has its account field masked to <account> (lib/
  shape cases/F7-2.json:2127 [arn] every ARN on this line has its account field masked to <account> (lib/
  shape cases/F7-2.json:2128 [arn] every ARN on this line has its account field masked to <account> (lib/
  shape cases/F7-2.json:2129 [arn] every ARN on this line has its account field masked to <account> (lib/
  shape cases/F7-2.json:2130 [arn] every ARN on this line has its account field masked to <account> (lib/
  shape cases/F7-2.json:2131 [arn] every ARN on this line has its account field masked to <account> (lib/
  shape cases/F7-2.json:2132 [arn] every ARN on this line has its account field masked to <account> (lib/
  shape cases/F7-2.json:2133 [arn] every ARN on this line has its account field masked to <account> (lib/
  shape cases/F7-2.json:2134 [arn] every ARN on this line has its account field masked to <account> (lib/
  shape cases/F7-2.json:2135 [arn] every ARN on this line has its account field masked to <account> (lib/
  shape cases/F7-2.json:2136 [arn] every ARN on this line has its account field masked to <account> (lib/
  shape cases/F7-2.json:2137 [arn] every ARN on this line has its account field masked to <account> (lib/
  shape cases/F7-2.json:2138 [arn] every ARN on this line has its account field masked to <account> (lib/
  shape cases/F7-2.json:2139 [arn] every ARN on this line has its account field masked to <account> (lib/
  shape cases/F7-2.json:2140 [arn] every ARN on this line has its account field masked to <account> (lib/
  shape cases/F7-2.json:2141 [arn] every ARN on this line has its account field masked to <account> (lib/
  shape cases/F7-2.json:2142 [arn] every ARN on this line has its account field masked to <account> (lib/
  shape cases/F7-2.json:2143 [arn] every ARN on this line has its account field masked to <account> (lib/
  shape cases/F7-2.json:2144 [arn] every ARN on this line has its account field masked to <account> (lib/
  shape cases/F7-2.json:2145 [arn] every ARN on this line has its account field masked to <account> (lib/
  shape cases/F7-2.json:2169 [arn] every ARN on this line has its account field masked to <account> (lib/
  shape cases/F7-2.json:2174 [arn] every ARN on this line has its account field masked to <account> (lib/
  shape cases/F7-2.json:2175 [arn] every ARN on this line has its account field masked to <account> (lib/
  shape cases/F7-2.json:2176 [arn] every ARN on this line has its account field masked to <account> (lib/
  shape cases/F7-2.json:2177 [arn] every ARN on this line has its account field masked to <account> (lib/
  shape cases/F7-2.json:2178 [arn] every ARN on this line has its account field masked to <account> (lib/
  shape cases/F7-2.json:2179 [arn] every ARN on this line has its account field masked to <account> (lib/
  shape cases/F7-2.json:2180 [arn] every ARN on this line has its account field masked to <account> (lib/
  shape cases/F7-2.json:2189 [arn] every ARN on this line has its account field masked to <account> (lib/
  shape cases/F7-2.json:2190 [arn] every ARN on this line has its account field masked to <account> (lib/
  shape cases/F7-2.json:2191 [arn] every ARN on this line has its account field masked to <account> (lib/
  shape cases/F7-2.json:2192 [arn] every ARN on this line has its account field masked to <account> (lib/
  shape cases/F7-2.json:2193 [arn] every ARN on this line has its account field masked to <account> (lib/
  shape cases/F7-2.json:2194 [arn] every ARN on this line has its account field masked to <account> (lib/
  shape cases/F7-2.json:2195 [arn] every ARN on this line has its account field masked to <account> (lib/
  shape cases/F7-2.json:2196 [arn] every ARN on this line has its account field masked to <account> (lib/
  shape cases/F7-2.json:2197 [arn] every ARN on this line has its account field masked to <account> (lib/
  shape cases/F7-2.json:2198 [arn] every ARN on this line has its account field masked to <account> (lib/
  shape cases/F7-2.json:2248 [arn] every ARN on this line has its account field masked to <account> (lib/
  shape cases/F7-2.json:2249 [arn] every ARN on this line has its account field masked to <account> (lib/
  shape cases/F7-2.json:2250 [arn] every ARN on this line has its account field masked to <account> (lib/
  shape cases/F7-2.json:2251 [arn] every ARN on this line has its account field masked to <account> (lib/
  shape cases/F7-2.json:2252 [arn] every ARN on this line has its account field masked to <account> (lib/
  shape cases/F7-2.json:2253 [arn] every ARN on this line has its account field masked to <account> (lib/
  shape cases/F7-2.json:2254 [arn] every ARN on this line has its account field masked to <account> (lib/
  shape cases/F7-2.json:2255 [arn] every ARN on this line has its account field masked to <account> (lib/
  shape cases/F7-2.json:2256 [arn] every ARN on this line has its account field masked to <account> (lib/
  shape cases/F7-2.json:2257 [arn] every ARN on this line has its account field masked to <account> (lib/
  shape cases/F7-2.json:2258 [arn] every ARN on this line has its account field masked to <account> (lib/
  shape cases/F7-2.json:2259 [arn] every ARN on this line has its account field masked to <account> (lib/
  shape cases/F7-2.json:2260 [arn] every ARN on this line has its account field masked to <account> (lib/
  shape cases/F7-2.json:2261 [arn] every ARN on this line has its account field masked to <account> (lib/
  shape cases/F7-2.json:2262 [arn] every ARN on this line has its account field masked to <account> (lib/
  shape cases/F7-2.json:2263 [arn] every ARN on this line has its account field masked to <account> (lib/
  shape cases/F7-2.json:2264 [arn] every ARN on this line has its account field masked to <account> (lib/
  shape cases/F7-2.json:2400 [arn] every ARN on this line has its account field masked to <account> (lib/
  shape cases/F7-2.json:2401 [arn] every ARN on this line has its account field masked to <account> (lib/
  shape cases/F7-2.json:2402 [arn] every ARN on this line has its account field masked to <account> (lib/
  shape cases/F7-2.json:2403 [arn] every ARN on this line has its account field masked to <account> (lib/
  shape cases/F7-2.json:2404 [arn] every ARN on this line has its account field masked to <account> (lib/
  shape cases/F7-2.json:2405 [arn] every ARN on this line has its account field masked to <account> (lib/
  shape cases/F7-2.json:2406 [arn] every ARN on this line has its account field masked to <account> (lib/
  shape cases/F7-2.json:2407 [arn] every ARN on this line has its account field masked to <account> (lib/
  shape cases/F7-2.json:2408 [arn] every ARN on this line has its account field masked to <account> (lib/
  shape cases/F7-2.json:2409 [arn] every ARN on this line has its account field masked to <account> (lib/
  shape cases/F7-2.json:2410 [arn] every ARN on this line has its account field masked to <account> (lib/
  shape cases/F7-2.json:2411 [arn] every ARN on this line has its account field masked to <account> (lib/
  shape cases/F7-2.json:2412 [arn] every ARN on this line has its account field masked to <account> (lib/
  shape cases/F7-2.json:2413 [arn] every ARN on this line has its account field masked to <account> (lib/
  shape cases/F7-2.json:2414 [arn] every ARN on this line has its account field masked to <account> (lib/
  shape cases/F7-2.json:2415 [arn] every ARN on this line has its account field masked to <account> (lib/
  shape cases/F7-2.json:2416 [arn] every ARN on this line has its account field masked to <account> (lib/
  shape cases/F7-2.json:2417 [arn] every ARN on this line has its account field masked to <account> (lib/
  shape cases/F7-2.json:2418 [arn] every ARN on this line has its account field masked to <account> (lib/
  shape cases/F7-2.json:2419 [arn] every ARN on this line has its account field masked to <account> (lib/
  shape cases/F7-2.json:2420 [arn] every ARN on this line has its account field masked to <account> (lib/
  shape cases/F7-2.json:2421 [arn] every ARN on this line has its account field masked to <account> (lib/
  shape cases/F7-2.json:2422 [arn] every ARN on this line has its account field masked to <account> (lib/
  shape cases/F7-2.json:2423 [arn] every ARN on this line has its account field masked to <account> (lib/
  shape cases/F7-2.json:2424 [arn] every ARN on this line has its account field masked to <account> (lib/
  shape cases/F7-2.json:2425 [arn] every ARN on this line has its account field masked to <account> (lib/
  shape cases/F7-2.json:2426 [arn] every ARN on this line has its account field masked to <account> (lib/
  shape cases/F7-2.json:2427 [arn] every ARN on this line has its account field masked to <account> (lib/
  shape cases/F7-2.json:2428 [arn] every ARN on this line has its account field masked to <account> (lib/
  shape cases/F7-2.json:2429 [arn] every ARN on this line has its account field masked to <account> (lib/
  shape cases/F7-2.json:2430 [arn] every ARN on this line has its account field masked to <account> (lib/
  shape cases/F7-2.json:2431 [arn] every ARN on this line has its account field masked to <account> (lib/
  shape cases/F7-2.json:2432 [arn] every ARN on this line has its account field masked to <account> (lib/
  shape cases/F7-2.json:2433 [arn] every ARN on this line has its account field masked to <account> (lib/
  shape cases/F7-2.json:2434 [arn] every ARN on this line has its account field masked to <account> (lib/
  shape cases/F7-2.json:2435 [arn] every ARN on this line has its account field masked to <account> (lib/
  shape cases/F7-2.json:2436 [arn] every ARN on this line has its account field masked to <account> (lib/
  shape cases/F7-2.json:2437 [arn] every ARN on this line has its account field masked to <account> (lib/
  shape cases/F7-2.json:2438 [arn] every ARN on this line has its account field masked to <account> (lib/
  shape cases/F7-2.json:2439 [arn] every ARN on this line has its account field masked to <account> (lib/
  shape cases/F7-2.json:2440 [arn] every ARN on this line has its account field masked to <account> (lib/
  shape cases/F7-2.json:2441 [arn] every ARN on this line has its account field masked to <account> (lib/
  shape cases/F7-2.json:2442 [arn] every ARN on this line has its account field masked to <account> (lib/
  shape cases/F7-2.json:2443 [arn] every ARN on this line has its account field masked to <account> (lib/
  shape cases/F7-2.json:2444 [arn] every ARN on this line has its account field masked to <account> (lib/
  shape cases/F7-2.json:2445 [arn] every ARN on this line has its account field masked to <account> (lib/
  shape cases/F7-2.json:2446 [arn] every ARN on this line has its account field masked to <account> (lib/
  shape cases/F7-2.json:2447 [arn] every ARN on this line has its account field masked to <account> (lib/
  shape cases/F7-2.json:2448 [arn] every ARN on this line has its account field masked to <account> (lib/
  shape cases/F7-2.json:2449 [arn] every ARN on this line has its account field masked to <account> (lib/
  shape cases/F7-2.json:2450 [arn] every ARN on this line has its account field masked to <account> (lib/
  shape cases/F7-2.json:2510 [arn] every ARN on this line has its account field masked to <account> (lib/
  shape cases/F7-2.json:2511 [arn] every ARN on this line has its account field masked to <account> (lib/
  shape cases/F7-2.json:2512 [arn] every ARN on this line has its account field masked to <account> (lib/
  shape cases/F7-2.json:2513 [arn] every ARN on this line has its account field masked to <account> (lib/
  shape cases/F7-2.json:2514 [arn] every ARN on this line has its account field masked to <account> (lib/
  shape cases/F7-2.json:2515 [arn] every ARN on this line has its account field masked to <account> (lib/
  shape cases/F7-2.json:2516 [arn] every ARN on this line has its account field masked to <account> (lib/
  shape cases/F7-2.json:2517 [arn] every ARN on this line has its account field masked to <account> (lib/
  shape cases/F7-2.json:2518 [arn] every ARN on this line has its account field masked to <account> (lib/
  shape cases/F7-2.json:2519 [arn] every ARN on this line has its account field masked to <account> (lib/
  shape cases/F7-2.json:2520 [arn] every ARN on this line has its account field masked to <account> (lib/
  shape cases/F7-2.json:2521 [arn] every ARN on this line has its account field masked to <account> (lib/
  shape cases/F7-2.json:2522 [arn] every ARN on this line has its account field masked to <account> (lib/
  shape cases/F7-2.json:2523 [arn] every ARN on this line has its account field masked to <account> (lib/
  shape cases/F7-2.json:2524 [arn] every ARN on this line has its account field masked to <account> (lib/
  shape cases/F7-2.json:2525 [arn] every ARN on this line has its account field masked to <account> (lib/
  shape cases/F7-2.json:2526 [arn] every ARN on this line has its account field masked to <account> (lib/
  shape cases/F7-2.json:2660 [arn] every ARN on this line has its account field masked to <account> (lib/
  shape cases/F7-2.json:2661 [arn] every ARN on this line has its account field masked to <account> (lib/
  shape cases/F7-2.json:2662 [arn] every ARN on this line has its account field masked to <account> (lib/
  shape cases/F7-2.json:2663 [arn] every ARN on this line has its account field masked to <account> (lib/
  shape cases/F7-2.json:2664 [arn] every ARN on this line has its account field masked to <account> (lib/
  shape cases/F7-2.json:2665 [arn] every ARN on this line has its account field masked to <account> (lib/
  shape cases/F7-2.json:2666 [arn] every ARN on this line has its account field masked to <account> (lib/
  shape cases/F7-2.json:2667 [arn] every ARN on this line has its account field masked to <account> (lib/
  shape cases/F7-2.json:2668 [arn] every ARN on this line has its account field masked to <account> (lib/
  shape cases/F7-2.json:2669 [arn] every ARN on this line has its account field masked to <account> (lib/
  shape cases/F7-2.json:2670 [arn] every ARN on this line has its account field masked to <account> (lib/
  shape cases/F7-2.json:2671 [arn] every ARN on this line has its account field masked to <account> (lib/
  shape cases/F7-2.json:2672 [arn] every ARN on this line has its account field masked to <account> (lib/
  shape cases/F7-2.json:2673 [arn] every ARN on this line has its account field masked to <account> (lib/
  shape cases/F7-2.json:2674 [arn] every ARN on this line has its account field masked to <account> (lib/
  shape cases/F7-2.json:2675 [arn] every ARN on this line has its account field masked to <account> (lib/
  shape cases/F7-2.json:2676 [arn] every ARN on this line has its account field masked to <account> (lib/
  shape cases/F7-2.json:2677 [arn] every ARN on this line has its account field masked to <account> (lib/
  shape cases/F7-2.json:2678 [arn] every ARN on this line has its account field masked to <account> (lib/
  shape cases/F7-2.json:2679 [arn] every ARN on this line has its account field masked to <account> (lib/
  shape cases/F7-2.json:2680 [arn] every ARN on this line has its account field masked to <account> (lib/
  shape cases/F7-2.json:2681 [arn] every ARN on this line has its account field masked to <account> (lib/
  shape cases/F7-2.json:2682 [arn] every ARN on this line has its account field masked to <account> (lib/
  shape cases/F7-2.json:2683 [arn] every ARN on this line has its account field masked to <account> (lib/
  shape cases/F7-2.json:2684 [arn] every ARN on this line has its account field masked to <account> (lib/
  shape cases/F7-2.json:2685 [arn] every ARN on this line has its account field masked to <account> (lib/
  shape cases/F7-2.json:2686 [arn] every ARN on this line has its account field masked to <account> (lib/
  shape cases/F7-2.json:2687 [arn] every ARN on this line has its account field masked to <account> (lib/
  shape cases/F7-2.json:2688 [arn] every ARN on this line has its account field masked to <account> (lib/
  shape cases/F7-2.json:2689 [arn] every ARN on this line has its account field masked to <account> (lib/
  shape cases/F7-2.json:2690 [arn] every ARN on this line has its account field masked to <account> (lib/
  shape cases/F7-2.json:2691 [arn] every ARN on this line has its account field masked to <account> (lib/
  shape cases/F7-2.json:2692 [arn] every ARN on this line has its account field masked to <account> (lib/
  shape cases/F7-2.json:2693 [arn] every ARN on this line has its account field masked to <account> (lib/
  shape cases/F7-2.json:2694 [arn] every ARN on this line has its account field masked to <account> (lib/
  shape cases/F7-2.json:2695 [arn] every ARN on this line has its account field masked to <account> (lib/
  shape cases/F7-2.json:2696 [arn] every ARN on this line has its account field masked to <account> (lib/
  shape cases/F7-2.json:2697 [arn] every ARN on this line has its account field masked to <account> (lib/
  shape cases/F7-2.json:2698 [arn] every ARN on this line has its account field masked to <account> (lib/
  shape cases/F7-2.json:2699 [arn] every ARN on this line has its account field masked to <account> (lib/
  shape cases/F7-2.json:2700 [arn] every ARN on this line has its account field masked to <account> (lib/
  shape cases/F7-2.json:2701 [arn] every ARN on this line has its account field masked to <account> (lib/
  shape cases/F7-2.json:2702 [arn] every ARN on this line has its account field masked to <account> (lib/
  shape cases/F7-2.json:2703 [arn] every ARN on this line has its account field masked to <account> (lib/
  shape cases/F7-2.json:2704 [arn] every ARN on this line has its account field masked to <account> (lib/
  shape cases/F7-2.json:2705 [arn] every ARN on this line has its account field masked to <account> (lib/
  shape cases/F7-2.json:2706 [arn] every ARN on this line has its account field masked to <account> (lib/
  shape cases/F7-2.json:2707 [arn] every ARN on this line has its account field masked to <account> (lib/
  shape cases/F7-2.json:2708 [arn] every ARN on this line has its account field masked to <account> (lib/
  shape cases/F7-2.json:2709 [arn] every ARN on this line has its account field masked to <account> (lib/
  shape cases/F7-2.json:2710 [arn] every ARN on this line has its account field masked to <account> (lib/
  shape cases/F7-2.json:2819 [arn] every ARN on this line has its account field masked to <account> (lib/
  shape cases/F7-2.json:2820 [arn] every ARN on this line has its account field masked to <account> (lib/
  shape cases/F7-2.json:2821 [arn] every ARN on this line has its account field masked to <account> (lib/
  shape cases/F7-2.json:2822 [arn] every ARN on this line has its account field masked to <account> (lib/
  shape cases/F7-2.json:2823 [arn] every ARN on this line has its account field masked to <account> (lib/
  shape cases/F7-2.json:2824 [arn] every ARN on this line has its account field masked to <account> (lib/
  shape cases/F7-2.json:2825 [arn] every ARN on this line has its account field masked to <account> (lib/
  shape cases/F7-2.json:2826 [arn] every ARN on this line has its account field masked to <account> (lib/
  shape cases/F7-2.json:2827 [arn] every ARN on this line has its account field masked to <account> (lib/
  shape cases/F7-2.json:2828 [arn] every ARN on this line has its account field masked to <account> (lib/
  shape cases/F7-2.json:2829 [arn] every ARN on this line has its account field masked to <account> (lib/
  shape cases/F7-2.json:2830 [arn] every ARN on this line has its account field masked to <account> (lib/
  shape cases/F7-2.json:2831 [arn] every ARN on this line has its account field masked to <account> (lib/
  shape cases/F7-2.json:2832 [arn] every ARN on this line has its account field masked to <account> (lib/
  shape cases/F7-2.json:2833 [arn] every ARN on this line has its account field masked to <account> (lib/
  shape cases/F7-2.json:2834 [arn] every ARN on this line has its account field masked to <account> (lib/
  shape cases/F7-2.json:2835 [arn] every ARN on this line has its account field masked to <account> (lib/
  shape cases/F7-2.json:2880 [arn] every ARN on this line has its account field masked to <account> (lib/
  shape cases/F7-2.json:2881 [arn] every ARN on this line has its account field masked to <account> (lib/
  shape cases/F7-2.json:2882 [arn] every ARN on this line has its account field masked to <account> (lib/
  shape cases/F7-2.json:2883 [arn] every ARN on this line has its account field masked to <account> (lib/
  shape cases/F7-2.json:2884 [arn] every ARN on this line has its account field masked to <account> (lib/
  shape cases/F7-2.json:2885 [arn] every ARN on this line has its account field masked to <account> (lib/
  shape cases/F7-2.json:2886 [arn] every ARN on this line has its account field masked to <account> (lib/
  shape cases/F7-2.json:2887 [arn] every ARN on this line has its account field masked to <account> (lib/
  shape cases/F7-2.json:2888 [arn] every ARN on this line has its account field masked to <account> (lib/
  shape cases/F7-2.json:2889 [arn] every ARN on this line has its account field masked to <account> (lib/
  shape cases/F7-2.json:2977 [arn] every ARN on this line has its account field masked to <account> (lib/
  shape cases/F7-2.json:2978 [arn] every ARN on this line has its account field masked to <account> (lib/
  shape cases/F7-2.json:2979 [arn] every ARN on this line has its account field masked to <account> (lib/
  shape cases/F7-2.json:2980 [arn] every ARN on this line has its account field masked to <account> (lib/
  shape cases/F7-2.json:2981 [arn] every ARN on this line has its account field masked to <account> (lib/
  shape cases/F7-2.json:2982 [arn] every ARN on this line has its account field masked to <account> (lib/
  shape cases/F7-2.json:2983 [arn] every ARN on this line has its account field masked to <account> (lib/
  shape cases/F7-2.json:2984 [arn] every ARN on this line has its account field masked to <account> (lib/
  shape cases/F7-2.json:2985 [arn] every ARN on this line has its account field masked to <account> (lib/
  shape cases/F7-2.json:2986 [arn] every ARN on this line has its account field masked to <account> (lib/
  shape cases/F7-2.json:2987 [arn] every ARN on this line has its account field masked to <account> (lib/
  shape cases/F7-2.json:2988 [arn] every ARN on this line has its account field masked to <account> (lib/
  shape cases/F7-2.json:2989 [arn] every ARN on this line has its account field masked to <account> (lib/
  shape cases/F7-2.json:2990 [arn] every ARN on this line has its account field masked to <account> (lib/
  shape cases/F7-2.json:2991 [arn] every ARN on this line has its account field masked to <account> (lib/
  shape cases/F7-2.json:2992 [arn] every ARN on this line has its account field masked to <account> (lib/
  shape cases/F7-2.json:2993 [arn] every ARN on this line has its account field masked to <account> (lib/
  shape cases/F7-2.json:3018 [arn] every ARN on this line has its account field masked to <account> (lib/
  shape cases/F7-2.json:3019 [arn] every ARN on this line has its account field masked to <account> (lib/
  shape cases/F7-2.json:3020 [arn] every ARN on this line has its account field masked to <account> (lib/
  shape cases/F7-2.json:3021 [arn] every ARN on this line has its account field masked to <account> (lib/
  shape cases/F7-2.json:3022 [arn] every ARN on this line has its account field masked to <account> (lib/
  shape cases/F7-2.json:3023 [arn] every ARN on this line has its account field masked to <account> (lib/
  shape cases/F7-2.json:3024 [arn] every ARN on this line has its account field masked to <account> (lib/
  shape cases/F7-2.json:3025 [arn] every ARN on this line has its account field masked to <account> (lib/
  shape cases/F7-2.json:3026 [arn] every ARN on this line has its account field masked to <account> (lib/
  shape cases/F7-2.json:3027 [arn] every ARN on this line has its account field masked to <account> (lib/
  shape cases/F7-2.json:3028 [arn] every ARN on this line has its account field masked to <account> (lib/
  shape cases/F7-2.json:3029 [arn] every ARN on this line has its account field masked to <account> (lib/
  shape cases/F7-2.json:3030 [arn] every ARN on this line has its account field masked to <account> (lib/
  shape cases/F7-2.json:3031 [arn] every ARN on this line has its account field masked to <account> (lib/
  shape cases/F7-2.json:3032 [arn] every ARN on this line has its account field masked to <account> (lib/
  shape cases/F7-2.json:3033 [arn] every ARN on this line has its account field masked to <account> (lib/
  shape cases/F7-2.json:3034 [arn] every ARN on this line has its account field masked to <account> (lib/
  shape cases/F7-2.json:3045 [arn] every ARN on this line has its account field masked to <account> (lib/
  shape cases/F7-2.json:3046 [arn] every ARN on this line has its account field masked to <account> (lib/
  shape cases/F7-2.json:3047 [arn] every ARN on this line has its account field masked to <account> (lib/
  shape cases/F7-2.json:3048 [arn] every ARN on this line has its account field masked to <account> (lib/
  shape cases/F7-2.json:3049 [arn] every ARN on this line has its account field masked to <account> (lib/
  shape cases/F7-2.json:3050 [arn] every ARN on this line has its account field masked to <account> (lib/
  shape cases/F7-2.json:3051 [arn] every ARN on this line has its account field masked to <account> (lib/
  shape cases/F7-2.json:3052 [arn] every ARN on this line has its account field masked to <account> (lib/
  shape cases/F7-2.json:3053 [arn] every ARN on this line has its account field masked to <account> (lib/
  shape cases/F7-2.json:3054 [arn] every ARN on this line has its account field masked to <account> (lib/
  shape cases/F7-2.json:3055 [arn] every ARN on this line has its account field masked to <account> (lib/
  shape cases/F7-2.json:3056 [arn] every ARN on this line has its account field masked to <account> (lib/
  shape cases/F7-2.json:3057 [arn] every ARN on this line has its account field masked to <account> (lib/
  shape cases/F7-2.json:3058 [arn] every ARN on this line has its account field masked to <account> (lib/
  shape cases/F7-2.json:3059 [arn] every ARN on this line has its account field masked to <account> (lib/
  shape cases/F7-2.json:3060 [arn] every ARN on this line has its account field masked to <account> (lib/
  shape cases/F7-2.json:3061 [arn] every ARN on this line has its account field masked to <account> (lib/
  shape cases/F7-2.json:3175 [arn] every ARN on this line has its account field masked to <account> (lib/
  shape cases/F7-2.json:3176 [arn] every ARN on this line has its account field masked to <account> (lib/
  shape cases/F7-2.json:3177 [arn] every ARN on this line has its account field masked to <account> (lib/
  shape cases/F7-2.json:3178 [arn] every ARN on this line has its account field masked to <account> (lib/
  shape cases/F7-2.json:3179 [arn] every ARN on this line has its account field masked to <account> (lib/
  shape cases/F7-2.json:3180 [arn] every ARN on this line has its account field masked to <account> (lib/
  shape cases/F7-2.json:3181 [arn] every ARN on this line has its account field masked to <account> (lib/
  shape cases/F7-2.json:3182 [arn] every ARN on this line has its account field masked to <account> (lib/
  shape cases/F7-2.json:3183 [arn] every ARN on this line has its account field masked to <account> (lib/
  shape cases/F7-2.json:3184 [arn] every ARN on this line has its account field masked to <account> (lib/
  shape cases/F7-2.json:3185 [arn] every ARN on this line has its account field masked to <account> (lib/
  shape cases/F7-2.json:3186 [arn] every ARN on this line has its account field masked to <account> (lib/
  shape cases/F7-2.json:3187 [arn] every ARN on this line has its account field masked to <account> (lib/
  shape cases/F7-2.json:3188 [arn] every ARN on this line has its account field masked to <account> (lib/
  shape cases/F7-2.json:3189 [arn] every ARN on this line has its account field masked to <account> (lib/
  shape cases/F7-2.json:3190 [arn] every ARN on this line has its account field masked to <account> (lib/
  shape cases/F7-2.json:3191 [arn] every ARN on this line has its account field masked to <account> (lib/
  shape cases/F7-2.json:3192 [arn] every ARN on this line has its account field masked to <account> (lib/
  shape cases/F7-2.json:3193 [arn] every ARN on this line has its account field masked to <account> (lib/
  shape cases/F7-2.json:3194 [arn] every ARN on this line has its account field masked to <account> (lib/
  shape cases/F7-2.json:3195 [arn] every ARN on this line has its account field masked to <account> (lib/
  shape cases/F7-2.json:3196 [arn] every ARN on this line has its account field masked to <account> (lib/
  shape cases/F7-2.json:3197 [arn] every ARN on this line has its account field masked to <account> (lib/
  shape cases/F7-2.json:3198 [arn] every ARN on this line has its account field masked to <account> (lib/
  shape cases/F7-2.json:3199 [arn] every ARN on this line has its account field masked to <account> (lib/
  shape cases/F7-2.json:3200 [arn] every ARN on this line has its account field masked to <account> (lib/
  shape cases/F7-2.json:3201 [arn] every ARN on this line has its account field masked to <account> (lib/
  shape cases/F7-2.json:3308 [arn] every ARN on this line has its account field masked to <account> (lib/
  shape cases/F7-2.json:3309 [arn] every ARN on this line has its account field masked to <account> (lib/
  shape cases/F7-2.json:3310 [arn] every ARN on this line has its account field masked to <account> (lib/
  shape cases/F7-2.json:3311 [arn] every ARN on this line has its account field masked to <account> (lib/
  shape cases/F7-2.json:3312 [arn] every ARN on this line has its account field masked to <account> (lib/
  shape cases/F7-2.json:3313 [arn] every ARN on this line has its account field masked to <account> (lib/
  shape cases/F7-2.json:3314 [arn] every ARN on this line has its account field masked to <account> (lib/
  shape cases/F7-2.json:3315 [arn] every ARN on this line has its account field masked to <account> (lib/
  shape cases/F7-2.json:3316 [arn] every ARN on this line has its account field masked to <account> (lib/
  shape cases/F7-2.json:3408 [arn] every ARN on this line has its account field masked to <account> (lib/
  shape cases/F7-2.json:3409 [arn] every ARN on this line has its account field masked to <account> (lib/
  shape cases/F7-2.json:3410 [arn] every ARN on this line has its account field masked to <account> (lib/
  shape cases/F7-2.json:3411 [arn] every ARN on this line has its account field masked to <account> (lib/
  shape cases/F7-2.json:3412 [arn] every ARN on this line has its account field masked to <account> (lib/
  shape cases/F7-2.json:3413 [arn] every ARN on this line has its account field masked to <account> (lib/
  shape cases/F7-2.json:3414 [arn] every ARN on this line has its account field masked to <account> (lib/
  shape cases/F7-2.json:3415 [arn] every ARN on this line has its account field masked to <account> (lib/
  shape cases/F7-2.json:3416 [arn] every ARN on this line has its account field masked to <account> (lib/
  shape cases/F7-2.json:3430 [arn] every ARN on this line has its account field masked to <account> (lib/
  shape cases/F7-2.json:3431 [arn] every ARN on this line has its account field masked to <account> (lib/
  shape cases/F7-2.json:3432 [arn] every ARN on this line has its account field masked to <account> (lib/
  shape cases/F7-2.json:3433 [arn] every ARN on this line has its account field masked to <account> (lib/
  shape cases/F7-2.json:3434 [arn] every ARN on this line has its account field masked to <account> (lib/
  shape cases/F7-2.json:3435 [arn] every ARN on this line has its account field masked to <account> (lib/
  shape cases/F7-2.json:3436 [arn] every ARN on this line has its account field masked to <account> (lib/
  shape cases/F7-2.json:3437 [arn] every ARN on this line has its account field masked to <account> (lib/
  shape cases/F7-2.json:3438 [arn] every ARN on this line has its account field masked to <account> (lib/
  shape cases/F7-2.json:3439 [arn] every ARN on this line has its account field masked to <account> (lib/
  shape cases/F7-2.json:3440 [arn] every ARN on this line has its account field masked to <account> (lib/
  shape cases/F7-2.json:3441 [arn] every ARN on this line has its account field masked to <account> (lib/
  shape cases/F7-2.json:3442 [arn] every ARN on this line has its account field masked to <account> (lib/
  shape cases/F7-2.json:3443 [arn] every ARN on this line has its account field masked to <account> (lib/
  shape cases/F7-2.json:3444 [arn] every ARN on this line has its account field masked to <account> (lib/
  shape cases/F7-2.json:3445 [arn] every ARN on this line has its account field masked to <account> (lib/
  shape cases/F7-2.json:3446 [arn] every ARN on this line has its account field masked to <account> (lib/
  shape cases/F7-2.json:3559 [arn] every ARN on this line has its account field masked to <account> (lib/
  shape cases/F7-2.json:3560 [arn] every ARN on this line has its account field masked to <account> (lib/
  shape cases/F7-2.json:3561 [arn] every ARN on this line has its account field masked to <account> (lib/
  shape cases/F7-2.json:3562 [arn] every ARN on this line has its account field masked to <account> (lib/
  shape cases/F7-2.json:3563 [arn] every ARN on this line has its account field masked to <account> (lib/
  shape cases/F7-2.json:3564 [arn] every ARN on this line has its account field masked to <account> (lib/
  shape cases/F7-2.json:3565 [arn] every ARN on this line has its account field masked to <account> (lib/
  shape cases/F7-2.json:3566 [arn] every ARN on this line has its account field masked to <account> (lib/
  shape cases/F7-2.json:3567 [arn] every ARN on this line has its account field masked to <account> (lib/
  shape cases/F7-2.json:3568 [arn] every ARN on this line has its account field masked to <account> (lib/
  shape cases/F7-2.json:3569 [arn] every ARN on this line has its account field masked to <account> (lib/
  shape cases/F7-2.json:3570 [arn] every ARN on this line has its account field masked to <account> (lib/
  shape cases/F7-2.json:3571 [arn] every ARN on this line has its account field masked to <account> (lib/
  shape cases/F7-2.json:3572 [arn] every ARN on this line has its account field masked to <account> (lib/
  shape cases/F7-2.json:3573 [arn] every ARN on this line has its account field masked to <account> (lib/
  shape cases/F7-2.json:3574 [arn] every ARN on this line has its account field masked to <account> (lib/
  shape cases/F7-2.json:3575 [arn] every ARN on this line has its account field masked to <account> (lib/
  shape cases/F7-2.json:3576 [arn] every ARN on this line has its account field masked to <account> (lib/
  shape cases/F7-2.json:3577 [arn] every ARN on this line has its account field masked to <account> (lib/
  shape cases/F7-2.json:3578 [arn] every ARN on this line has its account field masked to <account> (lib/
  shape cases/F7-2.json:3579 [arn] every ARN on this line has its account field masked to <account> (lib/
  shape cases/F7-2.json:3580 [arn] every ARN on this line has its account field masked to <account> (lib/
  shape cases/F7-2.json:3581 [arn] every ARN on this line has its account field masked to <account> (lib/
  shape cases/F7-2.json:3582 [arn] every ARN on this line has its account field masked to <account> (lib/
  shape cases/F7-2.json:3583 [arn] every ARN on this line has its account field masked to <account> (lib/
  shape cases/F7-2.json:3584 [arn] every ARN on this line has its account field masked to <account> (lib/
  shape cases/F7-2.json:3602 [arn] every ARN on this line has its account field masked to <account> (lib/
  shape cases/F7-2.json:3603 [arn] every ARN on this line has its account field masked to <account> (lib/
  shape cases/F7-2.json:3604 [arn] every ARN on this line has its account field masked to <account> (lib/
  shape cases/F7-2.json:3605 [arn] every ARN on this line has its account field masked to <account> (lib/
  shape cases/F7-2.json:3606 [arn] every ARN on this line has its account field masked to <account> (lib/
  shape cases/F7-2.json:3607 [arn] every ARN on this line has its account field masked to <account> (lib/
  shape cases/F7-2.json:3608 [arn] every ARN on this line has its account field masked to <account> (lib/
  shape cases/F7-2.json:3609 [arn] every ARN on this line has its account field masked to <account> (lib/
  shape cases/F7-2.json:3610 [arn] every ARN on this line has its account field masked to <account> (lib/
  shape cases/F7-2.json:3611 [arn] every ARN on this line has its account field masked to <account> (lib/
  shape cases/F7-2.json:3669 [arn] every ARN on this line has its account field masked to <account> (lib/
  shape cases/F7-2.json:3670 [arn] every ARN on this line has its account field masked to <account> (lib/
  shape cases/F7-2.json:3671 [arn] every ARN on this line has its account field masked to <account> (lib/
  shape cases/F7-2.json:3672 [arn] every ARN on this line has its account field masked to <account> (lib/
  shape cases/F7-2.json:3673 [arn] every ARN on this line has its account field masked to <account> (lib/
  shape cases/F7-2.json:3674 [arn] every ARN on this line has its account field masked to <account> (lib/
  shape cases/F7-2.json:3675 [arn] every ARN on this line has its account field masked to <account> (lib/
  shape cases/F7-2.json:3676 [arn] every ARN on this line has its account field masked to <account> (lib/
  shape cases/F7-2.json:3677 [arn] every ARN on this line has its account field masked to <account> (lib/
  shape cases/F7-2.json:3678 [arn] every ARN on this line has its account field masked to <account> (lib/
  shape cases/F7-2.json:3679 [arn] every ARN on this line has its account field masked to <account> (lib/
  shape cases/F7-2.json:3680 [arn] every ARN on this line has its account field masked to <account> (lib/
  shape cases/F7-2.json:3681 [arn] every ARN on this line has its account field masked to <account> (lib/
  shape cases/F7-2.json:3682 [arn] every ARN on this line has its account field masked to <account> (lib/
  shape cases/F7-2.json:3683 [arn] every ARN on this line has its account field masked to <account> (lib/
  shape cases/F7-2.json:3684 [arn] every ARN on this line has its account field masked to <account> (lib/
  shape cases/F7-2.json:3685 [arn] every ARN on this line has its account field masked to <account> (lib/
  shape cases/F7-2.json:3803 [arn] every ARN on this line has its account field masked to <account> (lib/
  shape cases/F7-2.json:3804 [arn] every ARN on this line has its account field masked to <account> (lib/
  shape cases/F7-2.json:3805 [arn] every ARN on this line has its account field masked to <account> (lib/
  shape cases/F7-2.json:3806 [arn] every ARN on this line has its account field masked to <account> (lib/
  shape cases/F7-2.json:3807 [arn] every ARN on this line has its account field masked to <account> (lib/
  shape cases/F7-2.json:3808 [arn] every ARN on this line has its account field masked to <account> (lib/
  shape cases/F7-2.json:3809 [arn] every ARN on this line has its account field masked to <account> (lib/
  shape cases/F7-2.json:3810 [arn] every ARN on this line has its account field masked to <account> (lib/
  shape cases/F7-2.json:3811 [arn] every ARN on this line has its account field masked to <account> (lib/
  shape cases/F7-2.json:3812 [arn] every ARN on this line has its account field masked to <account> (lib/
  shape cases/F7-2.json:3813 [arn] every ARN on this line has its account field masked to <account> (lib/
  shape cases/F7-2.json:3814 [arn] every ARN on this line has its account field masked to <account> (lib/
  shape cases/F7-2.json:3815 [arn] every ARN on this line has its account field masked to <account> (lib/
  shape cases/F7-2.json:3816 [arn] every ARN on this line has its account field masked to <account> (lib/
  shape cases/F7-2.json:3817 [arn] every ARN on this line has its account field masked to <account> (lib/
  shape cases/F7-2.json:3818 [arn] every ARN on this line has its account field masked to <account> (lib/
  shape cases/F7-2.json:3819 [arn] every ARN on this line has its account field masked to <account> (lib/
  shape cases/F7-2.json:3820 [arn] every ARN on this line has its account field masked to <account> (lib/
  shape cases/F7-2.json:3821 [arn] every ARN on this line has its account field masked to <account> (lib/
  shape cases/F7-2.json:3822 [arn] every ARN on this line has its account field masked to <account> (lib/
  shape cases/F7-2.json:3823 [arn] every ARN on this line has its account field masked to <account> (lib/
  shape cases/F7-2.json:3824 [arn] every ARN on this line has its account field masked to <account> (lib/
  shape cases/F7-2.json:3825 [arn] every ARN on this line has its account field masked to <account> (lib/
  shape cases/F7-2.json:3826 [arn] every ARN on this line has its account field masked to <account> (lib/
  shape cases/F7-2.json:3827 [arn] every ARN on this line has its account field masked to <account> (lib/
  shape cases/F7-2.json:3828 [arn] every ARN on this line has its account field masked to <account> (lib/
  shape cases/F7-2.json:3829 [arn] every ARN on this line has its account field masked to <account> (lib/
  shape cases/F7-2.json:3830 [arn] every ARN on this line has its account field masked to <account> (lib/
  shape cases/F7-2.json:3831 [arn] every ARN on this line has its account field masked to <account> (lib/
  shape cases/F7-2.json:3846 [arn] every ARN on this line has its account field masked to <account> (lib/
  shape cases/F7-2.json:3847 [arn] every ARN on this line has its account field masked to <account> (lib/
  shape cases/F7-2.json:3848 [arn] every ARN on this line has its account field masked to <account> (lib/
  shape cases/F7-2.json:3849 [arn] every ARN on this line has its account field masked to <account> (lib/
  shape cases/F7-2.json:3850 [arn] every ARN on this line has its account field masked to <account> (lib/
  shape cases/F7-2.json:3851 [arn] every ARN on this line has its account field masked to <account> (lib/
  shape cases/F7-2.json:3852 [arn] every ARN on this line has its account field masked to <account> (lib/
  shape cases/F7-2.json:3853 [arn] every ARN on this line has its account field masked to <account> (lib/
  shape cases/F7-2.json:3854 [arn] every ARN on this line has its account field masked to <account> (lib/
  shape cases/F7-2.json:3855 [arn] every ARN on this line has its account field masked to <account> (lib/
  shape cases/F7-2.json:3856 [arn] every ARN on this line has its account field masked to <account> (lib/
  shape cases/F7-2.json:3857 [arn] every ARN on this line has its account field masked to <account> (lib/
  shape cases/F7-2.json:3858 [arn] every ARN on this line has its account field masked to <account> (lib/
  shape cases/F7-2.json:3859 [arn] every ARN on this line has its account field masked to <account> (lib/
  shape cases/F7-2.json:3860 [arn] every ARN on this line has its account field masked to <account> (lib/
  shape cases/F7-2.json:3861 [arn] every ARN on this line has its account field masked to <account> (lib/
  shape cases/F7-2.json:3862 [arn] every ARN on this line has its account field masked to <account> (lib/
  shape cases/F7-2.json:3863 [arn] every ARN on this line has its account field masked to <account> (lib/
  shape cases/F7-2.json:4100 [arn] every ARN on this line has its account field masked to <account> (lib/
  shape cases/F7-2.json:4218 [arn] every ARN on this line has its account field masked to <account> (lib/
  shape cases/F7-2.json:4362 [arn] every ARN on this line has its account field masked to <account> (lib/
  shape cases/F7-2.json:4437 [arn] every ARN on this line has its account field masked to <account> (lib/
  shape cases/F7-2.json:4554 [arn] every ARN on this line has its account field masked to <account> (lib/
  shape cases/F7-2.json:4677 [arn] every ARN on this line has its account field masked to <account> (lib/
  shape cases/F7-2.json:4805 [arn] every ARN on this line has its account field masked to <account> (lib/
  shape cases/F7-2.json:5095 [arn] every ARN on this line has its account field masked to <account> (lib/
  shape cases/F7-2.json:5097 [arn] every ARN on this line has its account field masked to <account> (lib/
  shape cases/F7-2.json:5098 [arn] every ARN on this line has its account field masked to <account> (lib/
  shape cases/F7-2.json:5099 [arn] every ARN on this line has its account field masked to <account> (lib/
  shape cases/F7-2.json:5100 [arn] every ARN on this line has its account field masked to <account> (lib/
  shape cases/F7-2.json:5101 [arn] every ARN on this line has its account field masked to <account> (lib/
  shape cases/F7-2.json:5102 [arn] every ARN on this line has its account field masked to <account> (lib/
  shape cases/F7-2.json:5103 [arn] every ARN on this line has its account field masked to <account> (lib/
  shape cases/F7-2.json:5130 [arn] every ARN on this line has its account field masked to <account> (lib/
  shape cases/F7-2.json:5132 [arn] every ARN on this line has its account field masked to <account> (lib/
  shape cases/F7-2.json:5133 [arn] every ARN on this line has its account field masked to <account> (lib/
  shape cases/F7-2.json:5134 [arn] every ARN on this line has its account field masked to <account> (lib/
  shape cases/F7-2.json:5135 [arn] every ARN on this line has its account field masked to <account> (lib/
  shape cases/F7-2.json:5136 [arn] every ARN on this line has its account field masked to <account> (lib/
  shape cases/F7-2.json:5137 [arn] every ARN on this line has its account field masked to <account> (lib/
  shape cases/F7-2.json:5138 [arn] every ARN on this line has its account field masked to <account> (lib/
  shape cases/F7-2.json:5736 [arn] every ARN on this line has its account field masked to <account> (lib/
  shape cases/F7-2.json:5737 [arn] every ARN on this line has its account field masked to <account> (lib/
  shape cases/F7-2.json:5738 [arn] every ARN on this line has its account field masked to <account> (lib/
  shape cases/F7-2.json:5739 [arn] every ARN on this line has its account field masked to <account> (lib/
  shape cases/F7-2.json:5740 [arn] every ARN on this line has its account field masked to <account> (lib/
  shape cases/F7-2.json:5741 [arn] every ARN on this line has its account field masked to <account> (lib/
  shape cases/F7-2.json:5742 [arn] every ARN on this line has its account field masked to <account> (lib/
  shape cases/F7-2.json:5743 [arn] every ARN on this line has its account field masked to <account> (lib/
  shape cases/F7-2.json:5744 [arn] every ARN on this line has its account field masked to <account> (lib/
  shape cases/F7-2.json:5745 [arn] every ARN on this line has its account field masked to <account> (lib/
  shape cases/F7-2.json:5746 [arn] every ARN on this line has its account field masked to <account> (lib/
  shape cases/F7-2.json:5747 [arn] every ARN on this line has its account field masked to <account> (lib/
  shape cases/F7-2.json:5748 [arn] every ARN on this line has its account field masked to <account> (lib/
  shape cases/F7-2.json:5749 [arn] every ARN on this line has its account field masked to <account> (lib/
  shape cases/F7-2.json:5750 [arn] every ARN on this line has its account field masked to <account> (lib/
  shape cases/F7-2.json:5751 [arn] every ARN on this line has its account field masked to <account> (lib/
  shape cases/F7-2.json:5752 [arn] every ARN on this line has its account field masked to <account> (lib/
  shape cases/F7-2.json:5753 [arn] every ARN on this line has its account field masked to <account> (lib/
  shape cases/F7-2.json:5754 [arn] every ARN on this line has its account field masked to <account> (lib/
  shape cases/F7-2.json:5755 [arn] every ARN on this line has its account field masked to <account> (lib/
  shape cases/F7-2.json:5804 [arn] every ARN on this line has its account field masked to <account> (lib/
  shape cases/F7-2.json:5805 [arn] every ARN on this line has its account field masked to <account> (lib/
  shape cases/F7-2.json:5806 [arn] every ARN on this line has its account field masked to <account> (lib/
  shape cases/F7-2.json:5807 [arn] every ARN on this line has its account field masked to <account> (lib/
  shape cases/F7-2.json:5808 [arn] every ARN on this line has its account field masked to <account> (lib/
  shape cases/F7-2.json:5809 [arn] every ARN on this line has its account field masked to <account> (lib/
  shape cases/F7-2.json:5810 [arn] every ARN on this line has its account field masked to <account> (lib/
  shape cases/F7-2.json:5811 [arn] every ARN on this line has its account field masked to <account> (lib/
  shape cases/F7-2.json:5812 [arn] every ARN on this line has its account field masked to <account> (lib/
  shape cases/F7-2.json:5813 [arn] every ARN on this line has its account field masked to <account> (lib/
  shape cases/F7-2.json:5814 [arn] every ARN on this line has its account field masked to <account> (lib/
  shape cases/F7-2.json:5815 [arn] every ARN on this line has its account field masked to <account> (lib/
  shape cases/F7-2.json:5816 [arn] every ARN on this line has its account field masked to <account> (lib/
  shape cases/F7-2.json:5817 [arn] every ARN on this line has its account field masked to <account> (lib/
  shape cases/F7-2.json:5818 [arn] every ARN on this line has its account field masked to <account> (lib/
  shape cases/F7-2.json:5819 [arn] every ARN on this line has its account field masked to <account> (lib/
  shape cases/F7-2.json:5820 [arn] every ARN on this line has its account field masked to <account> (lib/
  shape cases/F7-2.json:5821 [arn] every ARN on this line has its account field masked to <account> (lib/
  shape cases/F7-2.json:5822 [arn] every ARN on this line has its account field masked to <account> (lib/
  shape cases/F7-2.json:5823 [arn] every ARN on this line has its account field masked to <account> (lib/
  shape cases/F7-2.json:5824 [arn] every ARN on this line has its account field masked to <account> (lib/
  shape cases/F7-2.json:5825 [arn] every ARN on this line has its account field masked to <account> (lib/
  shape cases/F7-2.json:5826 [arn] every ARN on this line has its account field masked to <account> (lib/
  shape cases/F7-2.json:5827 [arn] every ARN on this line has its account field masked to <account> (lib/
  shape cases/F7-2.json:5828 [arn] every ARN on this line has its account field masked to <account> (lib/
  shape cases/F7-2.json:5829 [arn] every ARN on this line has its account field masked to <account> (lib/
  shape cases/F7-2.json:5831 [arn] every ARN on this line has its account field masked to <account> (lib/
  shape cases/F7-2.json:5832 [arn] every ARN on this line has its account field masked to <account> (lib/
  shape cases/F7-2.json:5833 [arn] every ARN on this line has its account field masked to <account> (lib/
  shape cases/F7-2.json:5834 [arn] every ARN on this line has its account field masked to <account> (lib/
  shape cases/F7-2.json:5835 [arn] every ARN on this line has its account field masked to <account> (lib/
  shape cases/F7-2.json:5836 [arn] every ARN on this line has its account field masked to <account> (lib/
  shape cases/F7-2.json:5837 [arn] every ARN on this line has its account field masked to <account> (lib/
  shape cases/F7-2.json:5838 [arn] every ARN on this line has its account field masked to <account> (lib/
  shape cases/F7-2.json:5864 [arn] every ARN on this line has its account field masked to <account> (lib/
  shape cases/F7-2.json:5865 [arn] every ARN on this line has its account field masked to <account> (lib/
  shape cases/F7-2.json:5866 [arn] every ARN on this line has its account field masked to <account> (lib/
  shape cases/F7-2.json:5867 [arn] every ARN on this line has its account field masked to <account> (lib/
  shape cases/F7-2.json:5868 [arn] every ARN on this line has its account field masked to <account> (lib/
  shape cases/F7-2.json:5869 [arn] every ARN on this line has its account field masked to <account> (lib/
  shape cases/F7-2.json:5870 [arn] every ARN on this line has its account field masked to <account> (lib/
  shape cases/F7-2.json:5871 [arn] every ARN on this line has its account field masked to <account> (lib/
  shape cases/F7-2.json:5872 [arn] every ARN on this line has its account field masked to <account> (lib/
  shape cases/F7-2.json:5873 [arn] every ARN on this line has its account field masked to <account> (lib/
  shape cases/F7-2.json:5874 [arn] every ARN on this line has its account field masked to <account> (lib/
  shape cases/F7-2.json:5875 [arn] every ARN on this line has its account field masked to <account> (lib/
  shape cases/F7-2.json:5876 [arn] every ARN on this line has its account field masked to <account> (lib/
  shape cases/F7-2.json:5877 [arn] every ARN on this line has its account field masked to <account> (lib/
  shape cases/F7-2.json:5878 [arn] every ARN on this line has its account field masked to <account> (lib/
  shape cases/F7-2.json:5879 [arn] every ARN on this line has its account field masked to <account> (lib/
  shape cases/F7-2.json:5880 [arn] every ARN on this line has its account field masked to <account> (lib/
  shape cases/F7-2.json:5881 [arn] every ARN on this line has its account field masked to <account> (lib/
  shape cases/F7-2.json:5882 [arn] every ARN on this line has its account field masked to <account> (lib/
  shape cases/F7-2.json:5883 [arn] every ARN on this line has its account field masked to <account> (lib/
  shape cases/F7-2.json:5884 [arn] every ARN on this line has its account field masked to <account> (lib/
  shape cases/F7-2.json:5885 [arn] every ARN on this line has its account field masked to <account> (lib/
  shape cases/F7-2.json:5886 [arn] every ARN on this line has its account field masked to <account> (lib/
  shape cases/F7-2.json:5887 [arn] every ARN on this line has its account field masked to <account> (lib/
  shape cases/F7-2.json:5888 [arn] every ARN on this line has its account field masked to <account> (lib/
  shape cases/F7-2.json:5889 [arn] every ARN on this line has its account field masked to <account> (lib/
  shape cases/F7-2.json:5891 [arn] every ARN on this line has its account field masked to <account> (lib/
  shape cases/F7-2.json:5892 [arn] every ARN on this line has its account field masked to <account> (lib/
  shape cases/F7-2.json:5893 [arn] every ARN on this line has its account field masked to <account> (lib/
  shape cases/F7-2.json:5894 [arn] every ARN on this line has its account field masked to <account> (lib/
  shape cases/F7-2.json:5895 [arn] every ARN on this line has its account field masked to <account> (lib/
  shape cases/F7-2.json:5896 [arn] every ARN on this line has its account field masked to <account> (lib/
  shape cases/F7-2.json:5897 [arn] every ARN on this line has its account field masked to <account> (lib/
  shape cases/F7-2.json:5898 [arn] every ARN on this line has its account field masked to <account> (lib/
  shape cases/F7-2.json:5899 [arn] every ARN on this line has its account field masked to <account> (lib/
  shape cases/F7-2.json:5900 [arn] every ARN on this line has its account field masked to <account> (lib/
  shape cases/F7-2.json:6111 [arn] every ARN on this line has its account field masked to <account> (lib/
  shape cases/F7-2.json:6112 [arn] every ARN on this line has its account field masked to <account> (lib/
  shape cases/F7-2.json:6113 [arn] every ARN on this line has its account field masked to <account> (lib/
  shape cases/F7-2.json:6114 [arn] every ARN on this line has its account field masked to <account> (lib/
  shape cases/F7-2.json:6115 [arn] every ARN on this line has its account field masked to <account> (lib/
  shape cases/F7-2.json:6116 [arn] every ARN on this line has its account field masked to <account> (lib/
  shape cases/F7-2.json:6117 [arn] every ARN on this line has its account field masked to <account> (lib/
  shape cases/F7-2.json:6118 [arn] every ARN on this line has its account field masked to <account> (lib/
  shape cases/F7-2.json:6119 [arn] every ARN on this line has its account field masked to <account> (lib/
  shape cases/F7-2.json:6120 [arn] every ARN on this line has its account field masked to <account> (lib/
  shape cases/F7-2.json:6121 [arn] every ARN on this line has its account field masked to <account> (lib/
  shape cases/F7-2.json:6122 [arn] every ARN on this line has its account field masked to <account> (lib/
  shape cases/F7-2.json:6123 [arn] every ARN on this line has its account field masked to <account> (lib/
  shape cases/F7-2.json:6124 [arn] every ARN on this line has its account field masked to <account> (lib/
  shape cases/F7-2.json:6125 [arn] every ARN on this line has its account field masked to <account> (lib/
  shape cases/F7-2.json:6126 [arn] every ARN on this line has its account field masked to <account> (lib/
  shape cases/F7-2.json:6127 [arn] every ARN on this line has its account field masked to <account> (lib/
  shape cases/F7-2.json:6128 [arn] every ARN on this line has its account field masked to <account> (lib/
  shape cases/F7-2.json:6129 [arn] every ARN on this line has its account field masked to <account> (lib/
  shape cases/F7-2.json:6130 [arn] every ARN on this line has its account field masked to <account> (lib/
  shape cases/F7-2.json:6131 [arn] every ARN on this line has its account field masked to <account> (lib/
  shape cases/F7-2.json:6132 [arn] every ARN on this line has its account field masked to <account> (lib/
  shape cases/F7-2.json:6162 [arn] every ARN on this line has its account field masked to <account> (lib/
  shape cases/F7-2.json:6163 [arn] every ARN on this line has its account field masked to <account> (lib/
  shape cases/F7-2.json:6164 [arn] every ARN on this line has its account field masked to <account> (lib/
  shape cases/F7-2.json:6165 [arn] every ARN on this line has its account field masked to <account> (lib/
  shape cases/F7-2.json:6166 [arn] every ARN on this line has its account field masked to <account> (lib/
  shape cases/F7-2.json:6167 [arn] every ARN on this line has its account field masked to <account> (lib/
  shape cases/F7-2.json:6168 [arn] every ARN on this line has its account field masked to <account> (lib/
  shape cases/F7-2.json:6169 [arn] every ARN on this line has its account field masked to <account> (lib/
  shape cases/F7-2.json:6170 [arn] every ARN on this line has its account field masked to <account> (lib/
  shape cases/F7-2.json:6173 [arn] every ARN on this line has its account field masked to <account> (lib/
  shape cases/F7-2.json:6175 [arn] every ARN on this line has its account field masked to <account> (lib/
  shape cases/F7-2.json:6177 [arn] every ARN on this line has its account field masked to <account> (lib/
  shape cases/F7-2.json:6178 [arn] every ARN on this line has its account field masked to <account> (lib/
  shape cases/F7-2.json:6179 [arn] every ARN on this line has its account field masked to <account> (lib/
  shape cases/F7-2.json:6180 [arn] every ARN on this line has its account field masked to <account> (lib/
  shape cases/F7-2.json:6181 [arn] every ARN on this line has its account field masked to <account> (lib/
  shape cases/F7-2.json:6182 [arn] every ARN on this line has its account field masked to <account> (lib/
  shape cases/F7-2.json:6183 [arn] every ARN on this line has its account field masked to <account> (lib/
  shape cases/F7-2.json:6184 [arn] every ARN on this line has its account field masked to <account> (lib/
  shape cases/F7-2.json:6185 [arn] every ARN on this line has its account field masked to <account> (lib/
  shape cases/F7-2.json:6186 [arn] every ARN on this line has its account field masked to <account> (lib/
  shape cases/F7-2.json:6188 [arn] every ARN on this line has its account field masked to <account> (lib/
  shape cases/F7-2.json:6190 [arn] every ARN on this line has its account field masked to <account> (lib/
  shape cases/F7-2.json:6192 [arn] every ARN on this line has its account field masked to <account> (lib/
  shape cases/F7-2.json:6249 [arn] every ARN on this line has its account field masked to <account> (lib/
  shape cases/F7-2.json:6250 [arn] every ARN on this line has its account field masked to <account> (lib/
  shape cases/F7-2.json:6251 [arn] every ARN on this line has its account field masked to <account> (lib/
  shape cases/F7-2.json:6252 [arn] every ARN on this line has its account field masked to <account> (lib/
  shape cases/F7-2.json:6253 [arn] every ARN on this line has its account field masked to <account> (lib/
  shape cases/F7-2.json:6254 [arn] every ARN on this line has its account field masked to <account> (lib/
  shape cases/F7-2.json:6255 [arn] every ARN on this line has its account field masked to <account> (lib/
  shape cases/F7-2.json:6256 [arn] every ARN on this line has its account field masked to <account> (lib/
  shape cases/F7-2.json:6257 [arn] every ARN on this line has its account field masked to <account> (lib/
  shape cases/F7-2.json:6258 [arn] every ARN on this line has its account field masked to <account> (lib/
  shape cases/F7-2.json:6259 [arn] every ARN on this line has its account field masked to <account> (lib/
  shape cases/F7-2.json:6260 [arn] every ARN on this line has its account field masked to <account> (lib/
  shape cases/F7-2.json:6261 [arn] every ARN on this line has its account field masked to <account> (lib/
  shape cases/F7-2.json:6262 [arn] every ARN on this line has its account field masked to <account> (lib/
  shape cases/F7-2.json:6263 [arn] every ARN on this line has its account field masked to <account> (lib/
  shape cases/F7-2.json:6264 [arn] every ARN on this line has its account field masked to <account> (lib/
  shape cases/F7-2.json:6265 [arn] every ARN on this line has its account field masked to <account> (lib/
  shape cases/F7-2.json:6266 [arn] every ARN on this line has its account field masked to <account> (lib/
  shape cases/F7-2.json:6267 [arn] every ARN on this line has its account field masked to <account> (lib/
  shape cases/F7-2.json:6268 [arn] every ARN on this line has its account field masked to <account> (lib/
  shape cases/F7-2.json:6269 [arn] every ARN on this line has its account field masked to <account> (lib/
  shape cases/F7-2.json:6270 [arn] every ARN on this line has its account field masked to <account> (lib/
  shape cases/F7-2.json:6328 [arn] every ARN on this line has its account field masked to <account> (lib/
  shape cases/F7-2.json:6335 [arn] every ARN on this line has its account field masked to <account> (lib/
  shape cases/F7-2.json:6336 [arn] every ARN on this line has its account field masked to <account> (lib/
  shape cases/F7-2.json:6337 [arn] every ARN on this line has its account field masked to <account> (lib/
  shape cases/F7-2.json:6338 [arn] every ARN on this line has its account field masked to <account> (lib/
  shape cases/F7-2.json:6339 [arn] every ARN on this line has its account field masked to <account> (lib/
  shape cases/F7-2.json:6340 [arn] every ARN on this line has its account field masked to <account> (lib/
  shape cases/F7-2.json:6341 [arn] every ARN on this line has its account field masked to <account> (lib/
  shape cases/F7-2.json:6342 [arn] every ARN on this line has its account field masked to <account> (lib/
  shape cases/F7-2.json:6343 [arn] every ARN on this line has its account field masked to <account> (lib/
  shape cases/F7-2.json:6344 [arn] every ARN on this line has its account field masked to <account> (lib/
  shape cases/F7-2.json:6345 [arn] every ARN on this line has its account field masked to <account> (lib/
  shape cases/F7-2.json:6346 [arn] every ARN on this line has its account field masked to <account> (lib/
  shape cases/F7-2.json:6347 [arn] every ARN on this line has its account field masked to <account> (lib/
  shape cases/F7-2.json:6348 [arn] every ARN on this line has its account field masked to <account> (lib/
  shape cases/F7-2.json:6349 [arn] every ARN on this line has its account field masked to <account> (lib/
  shape cases/F7-2.json:6350 [arn] every ARN on this line has its account field masked to <account> (lib/
  shape cases/F7-2.json:6351 [arn] every ARN on this line has its account field masked to <account> (lib/
  shape cases/F7-2.json:6352 [arn] every ARN on this line has its account field masked to <account> (lib/
  shape cases/F7-2.json:6353 [arn] every ARN on this line has its account field masked to <account> (lib/
  shape cases/F7-2.json:6354 [arn] every ARN on this line has its account field masked to <account> (lib/
  shape cases/F7-3.json:209 [arn] every ARN on this line has its account field masked to <account> (lib/
  shape cases/F7-3.json:210 [arn] every ARN on this line has its account field masked to <account> (lib/
  shape cases/F7-3.json:211 [arn] every ARN on this line has its account field masked to <account> (lib/
  shape cases/F7-3.json:212 [arn] every ARN on this line has its account field masked to <account> (lib/
  shape cases/F7-3.json:213 [arn] every ARN on this line has its account field masked to <account> (lib/
  shape cases/F7-3.json:214 [arn] every ARN on this line has its account field masked to <account> (lib/
  shape cases/F7-3.json:215 [arn] every ARN on this line has its account field masked to <account> (lib/
  shape cases/F7-3.json:216 [arn] every ARN on this line has its account field masked to <account> (lib/
  shape cases/F7-3.json:217 [arn] every ARN on this line has its account field masked to <account> (lib/
  shape cases/F7-3.json:218 [arn] every ARN on this line has its account field masked to <account> (lib/
  shape cases/F7-3.json:219 [arn] every ARN on this line has its account field masked to <account> (lib/
  shape cases/F7-3.json:220 [arn] every ARN on this line has its account field masked to <account> (lib/
  shape cases/F7-3.json:236 [arn] every ARN on this line has its account field masked to <account> (lib/
  shape cases/F7-3.json:250 [arn] every ARN on this line has its account field masked to <account> (lib/
  shape cases/F7-3.json:251 [arn] every ARN on this line has its account field masked to <account> (lib/
  shape cases/F7-3.json:252 [arn] every ARN on this line has its account field masked to <account> (lib/
  shape cases/F7-3.json:253 [arn] every ARN on this line has its account field masked to <account> (lib/
  shape cases/F7-3.json:254 [arn] every ARN on this line has its account field masked to <account> (lib/
  shape cases/F7-3.json:255 [arn] every ARN on this line has its account field masked to <account> (lib/
  shape cases/F7-3.json:256 [arn] every ARN on this line has its account field masked to <account> (lib/
  shape cases/F7-3.json:257 [arn] every ARN on this line has its account field masked to <account> (lib/
  shape cases/F7-3.json:258 [arn] every ARN on this line has its account field masked to <account> (lib/
  shape cases/F7-3.json:259 [arn] every ARN on this line has its account field masked to <account> (lib/
  shape cases/F7-3.json:260 [arn] every ARN on this line has its account field masked to <account> (lib/
  shape cases/F7-3.json:261 [arn] every ARN on this line has its account field masked to <account> (lib/
  shape cases/F7-3.json:277 [arn] every ARN on this line has its account field masked to <account> (lib/
  shape cases/F7-3.json:278 [arn] every ARN on this line has its account field masked to <account> (lib/
  shape cases/F7-3.json:279 [arn] every ARN on this line has its account field masked to <account> (lib/
  shape cases/F7-3.json:280 [arn] every ARN on this line has its account field masked to <account> (lib/
  shape cases/F7-3.json:281 [arn] every ARN on this line has its account field masked to <account> (lib/
  shape cases/F7-3.json:282 [arn] every ARN on this line has its account field masked to <account> (lib/
  shape cases/F7-3.json:283 [arn] every ARN on this line has its account field masked to <account> (lib/
  shape cases/F7-3.json:284 [arn] every ARN on this line has its account field masked to <account> (lib/
  shape cases/F7-3.json:285 [arn] every ARN on this line has its account field masked to <account> (lib/
  shape cases/F7-3.json:286 [arn] every ARN on this line has its account field masked to <account> (lib/
  shape cases/F7-3.json:287 [arn] every ARN on this line has its account field masked to <account> (lib/
  shape cases/F7-3.json:288 [arn] every ARN on this line has its account field masked to <account> (lib/
  shape cases/F7-3.json:310 [arn] every ARN on this line has its account field masked to <account> (lib/
  shape cases/F7-3.json:311 [arn] every ARN on this line has its account field masked to <account> (lib/
  shape cases/F7-3.json:312 [arn] every ARN on this line has its account field masked to <account> (lib/
  shape cases/F7-3.json:313 [arn] every ARN on this line has its account field masked to <account> (lib/
  shape cases/F7-3.json:314 [arn] every ARN on this line has its account field masked to <account> (lib/
  shape cases/F7-3.json:315 [arn] every ARN on this line has its account field masked to <account> (lib/
  shape cases/F7-3.json:316 [arn] every ARN on this line has its account field masked to <account> (lib/
  shape cases/F7-3.json:317 [arn] every ARN on this line has its account field masked to <account> (lib/
  shape cases/F7-3.json:318 [arn] every ARN on this line has its account field masked to <account> (lib/
  shape cases/F7-3.json:319 [arn] every ARN on this line has its account field masked to <account> (lib/
  shape cases/F7-3.json:320 [arn] every ARN on this line has its account field masked to <account> (lib/
  shape cases/F7-3.json:321 [arn] every ARN on this line has its account field masked to <account> (lib/
  shape cases/F7-3.json:416 [arn] every ARN on this line has its account field masked to <account> (lib/
  shape cases/F7-3.json:417 [arn] every ARN on this line has its account field masked to <account> (lib/
  shape cases/F7-3.json:418 [arn] every ARN on this line has its account field masked to <account> (lib/
  shape cases/F7-3.json:419 [arn] every ARN on this line has its account field masked to <account> (lib/
  shape cases/F7-3.json:420 [arn] every ARN on this line has its account field masked to <account> (lib/
  shape cases/F7-3.json:421 [arn] every ARN on this line has its account field masked to <account> (lib/
  shape cases/F7-3.json:422 [arn] every ARN on this line has its account field masked to <account> (lib/
  shape cases/F7-3.json:423 [arn] every ARN on this line has its account field masked to <account> (lib/
  shape cases/F7-3.json:424 [arn] every ARN on this line has its account field masked to <account> (lib/
  shape cases/F7-3.json:425 [arn] every ARN on this line has its account field masked to <account> (lib/
  shape cases/F7-3.json:426 [arn] every ARN on this line has its account field masked to <account> (lib/
  shape cases/F7-3.json:427 [arn] every ARN on this line has its account field masked to <account> (lib/
  shape cases/F7-3.json:468 [arn] every ARN on this line has its account field masked to <account> (lib/
  shape cases/F7-3.json:469 [arn] every ARN on this line has its account field masked to <account> (lib/
  shape cases/F7-3.json:470 [arn] every ARN on this line has its account field masked to <account> (lib/
  shape cases/F7-3.json:471 [arn] every ARN on this line has its account field masked to <account> (lib/
  shape cases/F7-3.json:472 [arn] every ARN on this line has its account field masked to <account> (lib/
  shape cases/F7-3.json:473 [arn] every ARN on this line has its account field masked to <account> (lib/
  shape cases/F7-3.json:474 [arn] every ARN on this line has its account field masked to <account> (lib/
  shape cases/F7-3.json:475 [arn] every ARN on this line has its account field masked to <account> (lib/
  shape cases/F7-3.json:476 [arn] every ARN on this line has its account field masked to <account> (lib/
  shape cases/F7-3.json:477 [arn] every ARN on this line has its account field masked to <account> (lib/
  shape cases/F7-3.json:478 [arn] every ARN on this line has its account field masked to <account> (lib/
  shape cases/F7-3.json:479 [arn] every ARN on this line has its account field masked to <account> (lib/
  shape cases/F7-3.json:529 [arn] every ARN on this line has its account field masked to <account> (lib/
  shape cases/F7-3.json:530 [arn] every ARN on this line has its account field masked to <account> (lib/
  shape cases/F7-3.json:531 [arn] every ARN on this line has its account field masked to <account> (lib/
  shape cases/F7-3.json:532 [arn] every ARN on this line has its account field masked to <account> (lib/
  shape cases/F7-3.json:533 [arn] every ARN on this line has its account field masked to <account> (lib/
  shape cases/F7-3.json:534 [arn] every ARN on this line has its account field masked to <account> (lib/
  shape cases/F7-3.json:535 [arn] every ARN on this line has its account field masked to <account> (lib/
  shape cases/F7-3.json:536 [arn] every ARN on this line has its account field masked to <account> (lib/
  shape cases/F7-3.json:537 [arn] every ARN on this line has its account field masked to <account> (lib/
  shape cases/F7-3.json:538 [arn] every ARN on this line has its account field masked to <account> (lib/
  shape cases/F7-3.json:539 [arn] every ARN on this line has its account field masked to <account> (lib/
  shape cases/F7-3.json:540 [arn] every ARN on this line has its account field masked to <account> (lib/
  shape cases/F7-3.json:590 [arn] every ARN on this line has its account field masked to <account> (lib/
  shape cases/F7-3.json:591 [arn] every ARN on this line has its account field masked to <account> (lib/
  shape cases/F7-3.json:592 [arn] every ARN on this line has its account field masked to <account> (lib/
  shape cases/F7-3.json:593 [arn] every ARN on this line has its account field masked to <account> (lib/
  shape cases/F7-3.json:594 [arn] every ARN on this line has its account field masked to <account> (lib/
  shape cases/F7-3.json:595 [arn] every ARN on this line has its account field masked to <account> (lib/
  shape cases/F7-3.json:596 [arn] every ARN on this line has its account field masked to <account> (lib/
  shape cases/F7-3.json:597 [arn] every ARN on this line has its account field masked to <account> (lib/
  shape cases/F7-3.json:598 [arn] every ARN on this line has its account field masked to <account> (lib/
  shape cases/F7-3.json:599 [arn] every ARN on this line has its account field masked to <account> (lib/
  shape cases/F7-3.json:600 [arn] every ARN on this line has its account field masked to <account> (lib/
  shape cases/F7-3.json:601 [arn] every ARN on this line has its account field masked to <account> (lib/
  shape cases/F7-3.json:669 [arn] every ARN on this line has its account field masked to <account> (lib/
  shape cases/F7-3.json:1448 [arn] every ARN on this line has its account field masked to <account> (lib/
  shape cases/F7-3.json:1449 [arn] every ARN on this line has its account field masked to <account> (lib/
  shape cases/F7-3.json:1450 [arn] every ARN on this line has its account field masked to <account> (lib/
  shape cases/F7-3.json:1451 [arn] every ARN on this line has its account field masked to <account> (lib/
  shape cases/F7-3.json:1452 [arn] every ARN on this line has its account field masked to <account> (lib/
  shape cases/F7-3.json:1453 [arn] every ARN on this line has its account field masked to <account> (lib/
  shape cases/F7-3.json:1454 [arn] every ARN on this line has its account field masked to <account> (lib/
  shape cases/F7-3.json:1455 [arn] every ARN on this line has its account field masked to <account> (lib/
  shape cases/F7-3.json:1456 [arn] every ARN on this line has its account field masked to <account> (lib/
  shape cases/F7-3.json:1457 [arn] every ARN on this line has its account field masked to <account> (lib/
  shape cases/F7-3.json:1458 [arn] every ARN on this line has its account field masked to <account> (lib/
  shape cases/F7-3.json:1459 [arn] every ARN on this line has its account field masked to <account> (lib/
  shape cases/F7-3.json:1481 [arn] every ARN on this line has its account field masked to <account> (lib/
  shape cases/F7-3.json:1521 [arn] every ARN on this line has its account field masked to <account> (lib/
  shape cases/F7-3.json:1522 [arn] every ARN on this line has its account field masked to <account> (lib/
  shape cases/F7-3.json:1523 [arn] every ARN on this line has its account field masked to <account> (lib/
  shape cases/F7-3.json:1524 [arn] every ARN on this line has its account field masked to <account> (lib/
  shape cases/F7-3.json:1525 [arn] every ARN on this line has its account field masked to <account> (lib/
  shape cases/F7-3.json:1526 [arn] every ARN on this line has its account field masked to <account> (lib/
  shape cases/F7-3.json:1527 [arn] every ARN on this line has its account field masked to <account> (lib/
  shape cases/F7-3.json:1528 [arn] every ARN on this line has its account field masked to <account> (lib/
  shape cases/F7-3.json:1529 [arn] every ARN on this line has its account field masked to <account> (lib/
  shape cases/F7-3.json:1530 [arn] every ARN on this line has its account field masked to <account> (lib/
  shape cases/F7-3.json:1531 [arn] every ARN on this line has its account field masked to <account> (lib/
  shape cases/F7-3.json:1532 [arn] every ARN on this line has its account field masked to <account> (lib/
  shape cases/F7-3.json:1566 [arn] every ARN on this line has its account field masked to <account> (lib/
  shape cases/F7-3.json:1567 [arn] every ARN on this line has its account field masked to <account> (lib/
  shape cases/F7-3.json:1568 [arn] every ARN on this line has its account field masked to <account> (lib/
  shape cases/F7-3.json:1569 [arn] every ARN on this line has its account field masked to <account> (lib/
  shape cases/F7-3.json:1570 [arn] every ARN on this line has its account field masked to <account> (lib/
  shape cases/F7-3.json:1571 [arn] every ARN on this line has its account field masked to <account> (lib/
  shape cases/F7-3.json:1572 [arn] every ARN on this line has its account field masked to <account> (lib/
  shape cases/F7-3.json:1573 [arn] every ARN on this line has its account field masked to <account> (lib/
  shape cases/F7-3.json:1574 [arn] every ARN on this line has its account field masked to <account> (lib/
  shape cases/F7-3.json:1575 [arn] every ARN on this line has its account field masked to <account> (lib/
  shape cases/F7-3.json:1576 [arn] every ARN on this line has its account field masked to <account> (lib/
  shape cases/F7-3.json:1577 [arn] every ARN on this line has its account field masked to <account> (lib/
  shape cases/F7-3.json:1611 [arn] every ARN on this line has its account field masked to <account> (lib/
  shape cases/F7-3.json:1612 [arn] every ARN on this line has its account field masked to <account> (lib/
  shape cases/F7-3.json:1613 [arn] every ARN on this line has its account field masked to <account> (lib/
  shape cases/F7-3.json:1614 [arn] every ARN on this line has its account field masked to <account> (lib/
  shape cases/F7-3.json:1615 [arn] every ARN on this line has its account field masked to <account> (lib/
  shape cases/F7-3.json:1616 [arn] every ARN on this line has its account field masked to <account> (lib/
  shape cases/F7-3.json:1617 [arn] every ARN on this line has its account field masked to <account> (lib/
  shape cases/F7-3.json:1618 [arn] every ARN on this line has its account field masked to <account> (lib/
  shape cases/F7-3.json:1619 [arn] every ARN on this line has its account field masked to <account> (lib/
  shape cases/F7-3.json:1620 [arn] every ARN on this line has its account field masked to <account> (lib/
  shape cases/F7-3.json:1621 [arn] every ARN on this line has its account field masked to <account> (lib/
  shape cases/F7-3.json:1622 [arn] every ARN on this line has its account field masked to <account> (lib/
  shape cases/F7-5.json:424 [arn] every ARN on this line has its account field masked to <account> (lib/
  shape cases/F7-5.json:542 [arn] every ARN on this line has its account field masked to <account> (lib/
  shape cases/F7-6.json:46 [arn] every ARN on this line has its account field masked to <account> (lib/
  shape cases/F7-6.json:162 [arn] every ARN on this line has its account field masked to <account> (lib/
  shape cases/F7-6.json:184 [arn] every ARN on this line has its account field masked to <account> (lib/
  shape cases/F7-6.json:206 [arn] every ARN on this line has its account field masked to <account> (lib/
  shape cases/F7-6.json:224 [arn] every ARN on this line has its account field masked to <account> (lib/
  shape cases/F7-6.json:242 [arn] every ARN on this line has its account field masked to <account> (lib/
  shape cases/F7-6.json:260 [arn] every ARN on this line has its account field masked to <account> (lib/
  shape cases/F7-6.json:278 [arn] every ARN on this line has its account field masked to <account> (lib/
  shape cases/F7-6.json:296 [arn] every ARN on this line has its account field masked to <account> (lib/
  shape cases/F7-6.json:331 [arn] every ARN on this line has its account field masked to <account> (lib/
  shape cases/F7-6.json:357 [arn] every ARN on this line has its account field masked to <account> (lib/
  shape cases/F7-6.json:385 [arn] every ARN on this line has its account field masked to <account> (lib/
  shape cases/F7-6.json:436 [arn] every ARN on this line has its account field masked to <account> (lib/
  shape cases/F7-7.json:60 [arn] every ARN on this line has its account field masked to <account> (lib/
  shape cases/F7-7.json:176 [arn] every ARN on this line has its account field masked to <account> (lib/
  shape cases/F7-7.json:198 [arn] every ARN on this line has its account field masked to <account> (lib/
  shape cases/F7-7.json:220 [arn] every ARN on this line has its account field masked to <account> (lib/
  shape cases/F7-7.json:238 [arn] every ARN on this line has its account field masked to <account> (lib/
  shape cases/F7-7.json:256 [arn] every ARN on this line has its account field masked to <account> (lib/
  shape cases/F7-7.json:274 [arn] every ARN on this line has its account field masked to <account> (lib/
  shape cases/F7-7.json:292 [arn] every ARN on this line has its account field masked to <account> (lib/
  shape cases/F7-7.json:310 [arn] every ARN on this line has its account field masked to <account> (lib/
  shape cases/F7-7.json:345 [arn] every ARN on this line has its account field masked to <account> (lib/
  shape cases/F7-7.json:371 [arn] every ARN on this line has its account field masked to <account> (lib/
  shape cases/F7-7.json:399 [arn] every ARN on this line has its account field masked to <account> (lib/
  shape cases/F7-7.json:450 [arn] every ARN on this line has its account field masked to <account> (lib/
  shape cases/F8-1.json:98 [aws-account-id] the last group of a UUID request id, matched only with the rest of the
  shape cases/F8-6.json:80 [arn] every ARN on this line has its account field masked to <account> (lib/
  shape cases/F8-6.json:87 [arn] every ARN on this line has its account field masked to <account> (lib/
  shape cases/F9-3.json:86 [aws-account-id] the fractional part of a decimal number (digit, `.`, then exactly twel
  shape cases/F9-3.json:87 [aws-account-id] the fractional part of a decimal number (digit, `.`, then exactly twel
  shape figures.json:336 [aws-account-id] the fractional part of a decimal number (digit, `.`, then exactly twel
  shape findings.json:343 [aws-account-id] one of AWS's reserved documentation-example account IDs, which AWS pub
  shape series/F3-10.json:515 [arn] every ARN on this line has its account field masked to <account> (lib/
  shape series/F3-10.json:990 [arn] every ARN on this line has its account field masked to <account> (lib/
  shape series/F3-10.json:1050 [arn] every ARN on this line has its account field masked to <account> (lib/
  shape series/F3-10.json:1348 [arn] every ARN on this line has its account field masked to <account> (lib/
  shape series/F3-10.json:1592 [arn] every ARN on this line has its account field masked to <account> (lib/
  shape series/F3-10.json:1998 [arn] every ARN on this line has its account field masked to <account> (lib/
  shape series/F3-10.json:2122 [arn] every ARN on this line has its account field masked to <account> (lib/
  shape series/F3-10.json:2186 [arn] every ARN on this line has its account field masked to <account> (lib/
  shape series/F3-10.json:2233 [arn] every ARN on this line has its account field masked to <account> (lib/
  shape series/F3-10.json:2326 [arn] every ARN on this line has its account field masked to <account> (lib/
  shape series/F3-10.json:2553 [arn] every ARN on this line has its account field masked to <account> (lib/
  shape series/F3-10.json:2579 [arn] every ARN on this line has its account field masked to <account> (lib/
  shape series/F3-10.json:2787 [arn] every ARN on this line has its account field masked to <account> (lib/
  shape series/F3-10.json:3036 [arn] every ARN on this line has its account field masked to <account> (lib/
  shape series/F3-10.json:3070 [arn] every ARN on this line has its account field masked to <account> (lib/
  shape series/F3-10.json:3363 [arn] every ARN on this line has its account field masked to <account> (lib/
  shape series/F3-10.json:3435 [arn] every ARN on this line has its account field masked to <account> (lib/
  shape series/F3-10.json:3465 [arn] every ARN on this line has its account field masked to <account> (lib/
  shape series/F3-10.json:3742 [arn] every ARN on this line has its account field masked to <account> (lib/
  shape series/F3-10.json:3909 [arn] every ARN on this line has its account field masked to <account> (lib/
  shape series/F3-10.json:3994 [arn] every ARN on this line has its account field masked to <account> (lib/
  shape series/F3-10.json:4130 [arn] every ARN on this line has its account field masked to <account> (lib/
  shape series/F3-10.json:4224 [arn] every ARN on this line has its account field masked to <account> (lib/
  shape series/F3-10.json:4254 [arn] every ARN on this line has its account field masked to <account> (lib/
  shape series/F3-10.json:4284 [arn] every ARN on this line has its account field masked to <account> (lib/
  shape series/F3-10.json:4417 [arn] every ARN on this line has its account field masked to <account> (lib/
  shape series/F3-10.json:4703 [arn] every ARN on this line has its account field masked to <account> (lib/
  shape series/F3-10.json:5015 [arn] every ARN on this line has its account field masked to <account> (lib/
  shape series/F3-10.json:5160 [arn] every ARN on this line has its account field masked to <account> (lib/
  shape series/F3-10.json:5262 [arn] every ARN on this line has its account field masked to <account> (lib/
  shape series/F3-10.json:5428 [arn] every ARN on this line has its account field masked to <account> (lib/
  shape series/F3-10.json:5658 [arn] every ARN on this line has its account field masked to <account> (lib/
  shape series/F3-10.json:6105 [arn] every ARN on this line has its account field masked to <account> (lib/
  shape series/F3-10.json:6558 [arn] every ARN on this line has its account field masked to <account> (lib/
  shape series/F3-10.json:6622 [arn] every ARN on this line has its account field masked to <account> (lib/
  shape series/F3-10.json:6768 [arn] every ARN on this line has its account field masked to <account> (lib/
  shape series/F3-10.json:6947 [arn] every ARN on this line has its account field masked to <account> (lib/
  shape series/F3-10.json:7300 [arn] every ARN on this line has its account field masked to <account> (lib/
  shape series/F3-10.json:7726 [arn] every ARN on this line has its account field masked to <account> (lib/
  shape series/F3-10.json:7804 [arn] every ARN on this line has its account field masked to <account> (lib/
  shape series/F3-10.json:7860 [arn] every ARN on this line has its account field masked to <account> (lib/
  shape series/F3-10.json:8069 [arn] every ARN on this line has its account field masked to <account> (lib/
  shape series/F3-10.json:8163 [arn] every ARN on this line has its account field masked to <account> (lib/
  shape series/F3-10.json:8408 [arn] every ARN on this line has its account field masked to <account> (lib/
  shape series/F3-10.json:8498 [arn] every ARN on this line has its account field masked to <account> (lib/
  shape series/F3-10.json:8580 [arn] every ARN on this line has its account field masked to <account> (lib/
  shape series/F3-10.json:8839 [arn] every ARN on this line has its account field masked to <account> (lib/
  shape series/F3-10.json:8942 [arn] every ARN on this line has its account field masked to <account> (lib/
  shape series/F3-10.json:9156 [arn] every ARN on this line has its account field masked to <account> (lib/
  shape series/F3-10.json:9421 [arn] every ARN on this line has its account field masked to <account> (lib/
  shape series/F3-10.json:9511 [arn] every ARN on this line has its account field masked to <account> (lib/
  shape series/F3-10.json:10013 [arn] every ARN on this line has its account field masked to <account> (lib/
  shape series/F3-10.json:10039 [arn] every ARN on this line has its account field masked to <account> (lib/
  shape series/F3-10.json:10069 [arn] every ARN on this line has its account field masked to <account> (lib/
  shape series/F3-10.json:10125 [arn] every ARN on this line has its account field masked to <account> (lib/
  shape series/F3-10.json:10768 [arn] every ARN on this line has its account field masked to <account> (lib/
  shape series/F3-10.json:11243 [arn] every ARN on this line has its account field masked to <account> (lib/
  shape series/F3-10.json:11303 [arn] every ARN on this line has its account field masked to <account> (lib/
  shape series/F3-10.json:11617 [arn] every ARN on this line has its account field masked to <account> (lib/
  shape series/F3-10.json:11861 [arn] every ARN on this line has its account field masked to <account> (lib/
  shape series/F3-10.json:12259 [arn] every ARN on this line has its account field masked to <account> (lib/
  shape series/F3-10.json:12383 [arn] every ARN on this line has its account field masked to <account> (lib/
  shape series/F3-10.json:12447 [arn] every ARN on this line has its account field masked to <account> (lib/
  shape series/F3-10.json:12494 [arn] every ARN on this line has its account field masked to <account> (lib/
  shape series/F3-10.json:12587 [arn] every ARN on this line has its account field masked to <account> (lib/
  shape series/F3-10.json:12823 [arn] every ARN on this line has its account field masked to <account> (lib/
  shape series/F3-10.json:12849 [arn] every ARN on this line has its account field masked to <account> (lib/
  shape series/F3-10.json:13073 [arn] every ARN on this line has its account field masked to <account> (lib/
  shape series/F3-10.json:13322 [arn] every ARN on this line has its account field masked to <account> (lib/
  shape series/F3-10.json:13356 [arn] every ARN on this line has its account field masked to <account> (lib/
  shape series/F3-10.json:13673 [arn] every ARN on this line has its account field masked to <account> (lib/
  shape series/F3-10.json:13745 [arn] every ARN on this line has its account field masked to <account> (lib/
  shape series/F3-10.json:13775 [arn] every ARN on this line has its account field masked to <account> (lib/
  shape series/F3-10.json:14068 [arn] every ARN on this line has its account field masked to <account> (lib/
  shape series/F3-10.json:14261 [arn] every ARN on this line has its account field masked to <account> (lib/
  shape series/F3-10.json:14354 [arn] every ARN on this line has its account field masked to <account> (lib/
  shape series/F3-10.json:14506 [arn] every ARN on this line has its account field masked to <account> (lib/
  shape series/F3-10.json:14600 [arn] every ARN on this line has its account field masked to <account> (lib/
  shape series/F3-10.json:14630 [arn] every ARN on this line has its account field masked to <account> (lib/
  shape series/F3-10.json:14660 [arn] every ARN on this line has its account field masked to <account> (lib/
  shape series/F3-10.json:14793 [arn] every ARN on this line has its account field masked to <account> (lib/
  shape series/F3-10.json:15087 [arn] every ARN on this line has its account field masked to <account> (lib/
  shape series/F3-10.json:15415 [arn] every ARN on this line has its account field masked to <account> (lib/
  shape series/F3-10.json:15568 [arn] every ARN on this line has its account field masked to <account> (lib/
  shape series/F3-10.json:15686 [arn] every ARN on this line has its account field masked to <account> (lib/
  shape series/F3-10.json:15860 [arn] every ARN on this line has its account field masked to <account> (lib/
  shape series/F3-10.json:16090 [arn] every ARN on this line has its account field masked to <account> (lib/
  shape series/F3-10.json:16545 [arn] every ARN on this line has its account field masked to <account> (lib/
  shape series/F3-10.json:17031 [arn] every ARN on this line has its account field masked to <account> (lib/
  shape series/F3-10.json:17095 [arn] every ARN on this line has its account field masked to <account> (lib/
  shape series/F3-10.json:17241 [arn] every ARN on this line has its account field masked to <account> (lib/
  shape series/F3-10.json:17420 [arn] every ARN on this line has its account field masked to <account> (lib/
  shape series/F3-10.json:17781 [arn] every ARN on this line has its account field masked to <account> (lib/
  shape series/F3-10.json:18248 [arn] every ARN on this line has its account field masked to <account> (lib/
  shape series/F3-10.json:18326 [arn] every ARN on this line has its account field masked to <account> (lib/
  shape series/F3-10.json:18382 [arn] every ARN on this line has its account field masked to <account> (lib/
  shape series/F3-10.json:18599 [arn] every ARN on this line has its account field masked to <account> (lib/
  shape series/F3-10.json:18693 [arn] every ARN on this line has its account field masked to <account> (lib/
  shape series/F3-10.json:18938 [arn] every ARN on this line has its account field masked to <account> (lib/
  shape series/F3-10.json:19028 [arn] every ARN on this line has its account field masked to <account> (lib/
  shape series/F3-10.json:19110 [arn] every ARN on this line has its account field masked to <account> (lib/
  shape series/F3-10.json:19386 [arn] every ARN on this line has its account field masked to <account> (lib/
  shape series/F3-10.json:19490 [arn] every ARN on this line has its account field masked to <account> (lib/
  shape series/F3-10.json:19712 [arn] every ARN on this line has its account field masked to <account> (lib/
  shape series/F3-10.json:19985 [arn] every ARN on this line has its account field masked to <account> (lib/
  shape series/F3-10.json:20075 [arn] every ARN on this line has its account field masked to <account> (lib/
  shape series/F3-10.json:20594 [arn] every ARN on this line has its account field masked to <account> (lib/
  shape series/F3-10.json:20620 [arn] every ARN on this line has its account field masked to <account> (lib/
  shape series/F3-10.json:20650 [arn] every ARN on this line has its account field masked to <account> (lib/
  shape series/F3-10.json:20706 [arn] every ARN on this line has its account field masked to <account> (lib/
  shape series/F3-10.json:21317 [arn] every ARN on this line has its account field masked to <account> (lib/
  shape series/F3-10.json:21759 [arn] every ARN on this line has its account field masked to <account> (lib/
  shape series/F3-10.json:21819 [arn] every ARN on this line has its account field masked to <account> (lib/
  shape series/F3-10.json:22109 [arn] every ARN on this line has its account field masked to <account> (lib/
  shape series/F3-10.json:22353 [arn] every ARN on this line has its account field masked to <account> (lib/
  shape series/F3-10.json:22734 [arn] every ARN on this line has its account field masked to <account> (lib/
  shape series/F3-10.json:22858 [arn] every ARN on this line has its account field masked to <account> (lib/
  shape series/F3-10.json:22922 [arn] every ARN on this line has its account field masked to <account> (lib/
  shape series/F3-10.json:22961 [arn] every ARN on this line has its account field masked to <account> (lib/
  shape series/F3-10.json:23046 [arn] every ARN on this line has its account field masked to <account> (lib/
  shape series/F3-10.json:23274 [arn] every ARN on this line has its account field masked to <account> (lib/
  shape series/F3-10.json:23300 [arn] every ARN on this line has its account field masked to <account> (lib/
  shape series/F3-10.json:23492 [arn] every ARN on this line has its account field masked to <account> (lib/
  shape series/F3-10.json:23733 [arn] every ARN on this line has its account field masked to <account> (lib/
  shape series/F3-10.json:23767 [arn] every ARN on this line has its account field masked to <account> (lib/
  shape series/F3-10.json:24052 [arn] every ARN on this line has its account field masked to <account> (lib/
  shape series/F3-10.json:24124 [arn] every ARN on this line has its account field masked to <account> (lib/
  shape series/F3-10.json:24154 [arn] every ARN on this line has its account field masked to <account> (lib/
  shape series/F3-10.json:24415 [arn] every ARN on this line has its account field masked to <account> (lib/
  shape series/F3-10.json:24592 [arn] every ARN on this line has its account field masked to <account> (lib/
  shape series/F3-10.json:24669 [arn] every ARN on this line has its account field masked to <account> (lib/
  shape series/F3-10.json:24797 [arn] every ARN on this line has its account field masked to <account> (lib/
  shape series/F3-10.json:24891 [arn] every ARN on this line has its account field masked to <account> (lib/
  shape series/F3-10.json:24921 [arn] every ARN on this line has its account field masked to <account> (lib/
  shape series/F3-10.json:24951 [arn] every ARN on this line has its account field masked to <account> (lib/
  shape series/F3-10.json:25076 [arn] every ARN on this line has its account field masked to <account> (lib/
  shape series/F3-10.json:25354 [arn] every ARN on this line has its account field masked to <account> (lib/
  shape series/F3-10.json:25650 [arn] every ARN on this line has its account field masked to <account> (lib/
  shape series/F3-10.json:25795 [arn] every ARN on this line has its account field masked to <account> (lib/
  shape series/F3-10.json:25889 [arn] every ARN on this line has its account field masked to <account> (lib/
  shape series/F3-10.json:26039 [arn] every ARN on this line has its account field masked to <account> (lib/
  shape series/F3-10.json:26269 [arn] every ARN on this line has its account field masked to <account> (lib/
  shape series/F3-10.json:26708 [arn] every ARN on this line has its account field masked to <account> (lib/
  shape series/F3-10.json:27154 [arn] every ARN on this line has its account field masked to <account> (lib/
  shape series/F3-10.json:27218 [arn] every ARN on this line has its account field masked to <account> (lib/
  shape series/F3-10.json:27364 [arn] every ARN on this line has its account field masked to <account> (lib/
  shape series/F3-10.json:27535 [arn] every ARN on this line has its account field masked to <account> (lib/
  shape series/F3-10.json:27880 [arn] every ARN on this line has its account field masked to <account> (lib/
  shape series/F3-10.json:28299 [arn] every ARN on this line has its account field masked to <account> (lib/
  shape series/F3-10.json:28377 [arn] every ARN on this line has its account field masked to <account> (lib/
  shape series/F3-10.json:28433 [arn] every ARN on this line has its account field masked to <account> (lib/
  shape series/F3-10.json:28634 [arn] every ARN on this line has its account field masked to <account> (lib/
  shape series/F3-10.json:28728 [arn] every ARN on this line has its account field masked to <account> (lib/
  shape series/F3-10.json:28948 [arn] every ARN on this line has its account field masked to <account> (lib/
  shape series/F3-10.json:29038 [arn] every ARN on this line has its account field masked to <account> (lib/
  shape series/F3-10.json:29120 [arn] every ARN on this line has its account field masked to <account> (lib/
  shape series/F3-10.json:29380 [arn] every ARN on this line has its account field masked to <account> (lib/
  shape series/F3-10.json:29475 [arn] every ARN on this line has its account field masked to <account> (lib/
  shape series/F3-10.json:29681 [arn] every ARN on this line has its account field masked to <account> (lib/
  shape series/F3-10.json:29938 [arn] every ARN on this line has its account field masked to <account> (lib/
  shape series/F3-10.json:30028 [arn] every ARN on this line has its account field masked to <account> (lib/
  shape series/F3-10.json:30523 [arn] every ARN on this line has its account field masked to <account> (lib/
  shape series/F3-10.json:30549 [arn] every ARN on this line has its account field masked to <account> (lib/
  shape series/F3-10.json:30579 [arn] every ARN on this line has its account field masked to <account> (lib/
  shape series/F3-10.json:30635 [arn] every ARN on this line has its account field masked to <account> (lib/
  shape series/F3-10.json:31246 [arn] every ARN on this line has its account field masked to <account> (lib/
  shape series/F3-10.json:31688 [arn] every ARN on this line has its account field masked to <account> (lib/
  shape series/F3-10.json:31748 [arn] every ARN on this line has its account field masked to <account> (lib/
  shape series/F3-10.json:32038 [arn] every ARN on this line has its account field masked to <account> (lib/
  shape series/F3-10.json:32282 [arn] every ARN on this line has its account field masked to <account> (lib/
  shape series/F3-10.json:32663 [arn] every ARN on this line has its account field masked to <account> (lib/
  shape series/F3-10.json:32787 [arn] every ARN on this line has its account field masked to <account> (lib/
  shape series/F3-10.json:32851 [arn] every ARN on this line has its account field masked to <account> (lib/
  shape series/F3-10.json:32890 [arn] every ARN on this line has its account field masked to <account> (lib/
  shape series/F3-10.json:32975 [arn] every ARN on this line has its account field masked to <account> (lib/
  shape series/F3-10.json:33203 [arn] every ARN on this line has its account field masked to <account> (lib/
  shape series/F3-10.json:33229 [arn] every ARN on this line has its account field masked to <account> (lib/
  shape series/F3-10.json:33421 [arn] every ARN on this line has its account field masked to <account> (lib/
  shape series/F3-10.json:33662 [arn] every ARN on this line has its account field masked to <account> (lib/
  shape series/F3-10.json:33696 [arn] every ARN on this line has its account field masked to <account> (lib/
  shape series/F3-10.json:33981 [arn] every ARN on this line has its account field masked to <account> (lib/
  shape series/F3-10.json:34053 [arn] every ARN on this line has its account field masked to <account> (lib/
  shape series/F3-10.json:34083 [arn] every ARN on this line has its account field masked to <account> (lib/
  shape series/F3-10.json:34344 [arn] every ARN on this line has its account field masked to <account> (lib/
  shape series/F3-10.json:34521 [arn] every ARN on this line has its account field masked to <account> (lib/
  shape series/F3-10.json:34598 [arn] every ARN on this line has its account field masked to <account> (lib/
  shape series/F3-10.json:34726 [arn] every ARN on this line has its account field masked to <account> (lib/
  shape series/F3-10.json:34820 [arn] every ARN on this line has its account field masked to <account> (lib/
  shape series/F3-10.json:34850 [arn] every ARN on this line has its account field masked to <account> (lib/
  shape series/F3-10.json:34880 [arn] every ARN on this line has its account field masked to <account> (lib/
  shape series/F3-10.json:35005 [arn] every ARN on this line has its account field masked to <account> (lib/
  shape series/F3-10.json:35283 [arn] every ARN on this line has its account field masked to <account> (lib/
  shape series/F3-10.json:35579 [arn] every ARN on this line has its account field masked to <account> (lib/
  shape series/F3-10.json:35724 [arn] every ARN on this line has its account field masked to <account> (lib/
  shape series/F3-10.json:35818 [arn] every ARN on this line has its account field masked to <account> (lib/
  shape series/F3-10.json:35968 [arn] every ARN on this line has its account field masked to <account> (lib/
  shape series/F3-10.json:36198 [arn] every ARN on this line has its account field masked to <account> (lib/
  shape series/F3-10.json:36637 [arn] every ARN on this line has its account field masked to <account> (lib/
  shape series/F3-10.json:37083 [arn] every ARN on this line has its account field masked to <account> (lib/
  shape series/F3-10.json:37147 [arn] every ARN on this line has its account field masked to <account> (lib/
  shape series/F3-10.json:37293 [arn] every ARN on this line has its account field masked to <account> (lib/
  shape series/F3-10.json:37464 [arn] every ARN on this line has its account field masked to <account> (lib/
  shape series/F3-10.json:37809 [arn] every ARN on this line has its account field masked to <account> (lib/
  shape series/F3-10.json:38228 [arn] every ARN on this line has its account field masked to <account> (lib/
  shape series/F3-10.json:38306 [arn] every ARN on this line has its account field masked to <account> (lib/
  shape series/F3-10.json:38362 [arn] every ARN on this line has its account field masked to <account> (lib/
  shape series/F3-10.json:38563 [arn] every ARN on this line has its account field masked to <account> (lib/
  shape series/F3-10.json:38657 [arn] every ARN on this line has its account field masked to <account> (lib/
  shape series/F3-10.json:38877 [arn] every ARN on this line has its account field masked to <account> (lib/
  shape series/F3-10.json:38967 [arn] every ARN on this line has its account field masked to <account> (lib/
  shape series/F3-10.json:39049 [arn] every ARN on this line has its account field masked to <account> (lib/
  shape series/F3-10.json:39309 [arn] every ARN on this line has its account field masked to <account> (lib/
  shape series/F3-10.json:39404 [arn] every ARN on this line has its account field masked to <account> (lib/
  shape series/F3-10.json:39610 [arn] every ARN on this line has its account field masked to <account> (lib/
  shape series/F3-10.json:39867 [arn] every ARN on this line has its account field masked to <account> (lib/
  shape series/F3-10.json:39957 [arn] every ARN on this line has its account field masked to <account> (lib/
  shape series/F3-10.json:40452 [arn] every ARN on this line has its account field masked to <account> (lib/
  shape series/F3-10.json:40478 [arn] every ARN on this line has its account field masked to <account> (lib/
  shape series/F3-10.json:40508 [arn] every ARN on this line has its account field masked to <account> (lib/
  shape series/F3-10.json:40564 [arn] every ARN on this line has its account field masked to <account> (lib/
  shape series/F3-10.json:41018 [arn] every ARN on this line has its account field masked to <account> (lib/
  shape series/F3-10.json:41308 [arn] every ARN on this line has its account field masked to <account> (lib/
  shape series/F3-10.json:41350 [arn] every ARN on this line has its account field masked to <account> (lib/
  shape series/F3-10.json:41534 [arn] every ARN on this line has its account field masked to <account> (lib/
  shape series/F3-10.json:41706 [arn] every ARN on this line has its account field masked to <account> (lib/
  shape series/F3-10.json:41970 [arn] every ARN on this line has its account field masked to <account> (lib/
  shape series/F3-10.json:42058 [arn] every ARN on this line has its account field masked to <account> (lib/
  shape series/F3-10.json:42104 [arn] every ARN on this line has its account field masked to <account> (lib/
  shape series/F3-10.json:42125 [arn] every ARN on this line has its account field masked to <account> (lib/
  shape series/F3-10.json:42183 [arn] every ARN on this line has its account field masked to <account> (lib/
  shape series/F3-10.json:42330 [arn] every ARN on this line has its account field masked to <account> (lib/
  shape series/F3-10.json:42347 [arn] every ARN on this line has its account field masked to <account> (lib/
  shape series/F3-10.json:42460 [arn] every ARN on this line has its account field masked to <account> (lib/
  shape series/F3-10.json:42620 [arn] every ARN on this line has its account field masked to <account> (lib/
  shape series/F3-10.json:42645 [arn] every ARN on this line has its account field masked to <account> (lib/
  shape series/F3-10.json:42816 [arn] every ARN on this line has its account field masked to <account> (lib/
  shape series/F3-10.json:42870 [arn] every ARN on this line has its account field masked to <account> (lib/
  shape series/F3-10.json:42891 [arn] every ARN on this line has its account field masked to <account> (lib/
  shape series/F3-10.json:43046 [arn] every ARN on this line has its account field masked to <account> (lib/
  shape series/F3-10.json:43143 [arn] every ARN on this line has its account field masked to <account> (lib/
  shape series/F3-10.json:43185 [arn] every ARN on this line has its account field masked to <account> (lib/
  shape series/F3-10.json:43252 [arn] every ARN on this line has its account field masked to <account> (lib/
  shape series/F3-10.json:43319 [arn] every ARN on this line has its account field masked to <account> (lib/
  shape series/F3-10.json:43340 [arn] every ARN on this line has its account field masked to <account> (lib/
  shape series/F3-10.json:43361 [arn] every ARN on this line has its account field masked to <account> (lib/
  shape series/F3-10.json:43441 [arn] every ARN on this line has its account field masked to <account> (lib/
  shape series/F3-10.json:43621 [arn] every ARN on this line has its account field masked to <account> (lib/
  shape series/F3-10.json:43802 [arn] every ARN on this line has its account field masked to <account> (lib/
  shape series/F3-10.json:43894 [arn] every ARN on this line has its account field masked to <account> (lib/
  shape series/F3-10.json:43936 [arn] every ARN on this line has its account field masked to <account> (lib/
  shape series/F3-10.json:44024 [arn] every ARN on this line has its account field masked to <account> (lib/
  shape series/F3-10.json:44191 [arn] every ARN on this line has its account field masked to <account> (lib/
  shape series/F3-10.json:44496 [arn] every ARN on this line has its account field masked to <account> (lib/
  shape series/F3-10.json:44765 [arn] every ARN on this line has its account field masked to <account> (lib/
  shape series/F3-10.json:44811 [arn] every ARN on this line has its account field masked to <account> (lib/
  shape series/F3-10.json:44912 [arn] every ARN on this line has its account field masked to <account> (lib/
  shape series/F3-10.json:45029 [arn] every ARN on this line has its account field masked to <account> (lib/
  shape series/F3-10.json:45267 [arn] every ARN on this line has its account field masked to <account> (lib/
  shape series/F3-10.json:45510 [arn] every ARN on this line has its account field masked to <account> (lib/
  shape series/F3-10.json:45561 [arn] every ARN on this line has its account field masked to <account> (lib/
  shape series/F3-10.json:45599 [arn] every ARN on this line has its account field masked to <account> (lib/
  shape series/F3-10.json:45729 [arn] every ARN on this line has its account field masked to <account> (lib/
  shape series/F3-10.json:45796 [arn] every ARN on this line has its account field masked to <account> (lib/
  shape series/F3-10.json:45927 [arn] every ARN on this line has its account field masked to <account> (lib/
  shape series/F3-10.json:45990 [arn] every ARN on this line has its account field masked to <account> (lib/
  shape series/F3-10.json:46045 [arn] every ARN on this line has its account field masked to <account> (lib/
  shape series/F3-10.json:46216 [arn] every ARN on this line has its account field masked to <account> (lib/
  shape series/F3-10.json:46275 [arn] every ARN on this line has its account field masked to <account> (lib/
  shape series/F3-10.json:46401 [arn] every ARN on this line has its account field masked to <account> (lib/
  shape series/F3-10.json:46569 [arn] every ARN on this line has its account field masked to <account> (lib/
  shape series/F3-10.json:46632 [arn] every ARN on this line has its account field masked to <account> (lib/
  shape series/F3-10.json:46966 [arn] every ARN on this line has its account field masked to <account> (lib/
  shape series/F3-10.json:46983 [arn] every ARN on this line has its account field masked to <account> (lib/
  shape series/F3-10.json:47004 [arn] every ARN on this line has its account field masked to <account> (lib/
  shape series/F3-10.json:47042 [arn] every ARN on this line has its account field masked to <account> (lib/
payload gate: 135 file(s) under /Users/tmwu/Downloads/grx-site-payload
  33,826,394 characters read
  2422 hit(s) excused by SHAPE — the identifier position is already a placeholder, a wildcard, or an AWS-owned value; no reviewed exception involved
  15 file(s) needed a lossy decode and were scanned as latin-1: ['figures/fig-01-verdict-distribution.png', 'figures/fig-02-evidence-by-section.png', 'figures/fig-03-latency-vs-bands.png']
  4 hit(s) INHERITED a reviewed exception from a named source:
     cases/F5-7b.json:180 [private-ip] <- results/phase1/F5-7b.json: the same run-scoped RFC1918 CIDR as the producer and finding entries a
     cases/F5-7b.json:219 [private-ip] <- results/phase1/F5-7b.json: the same run-scoped RFC1918 CIDR as the producer and finding entries a
     cases/F5-7b.json:379 [private-ip] <- results/phase1/F5-7b.json: the same run-scoped RFC1918 CIDR as the producer and finding entries a
     findings.json:191 [private-ip] <- results/FINDING-F5-7B.md: the RFC1918 CIDR of a VPC created and destroyed inside one run, named 

PASSED — no unredacted cloud identifiers in 135 payload files.
